Type, Price, Beds, Baths, floorarea, postcode
Detached,10500000,8,3,530, dublin-4
Detached,7500000,5,4,603, dublin-6
Detached,7000000,6,1,808, dublin-4
Detached,4000000,7,7,450.6, dublin-13
Terraced,4000000,3,4,390.193, dublin-4
Semi-Detached,4000000,6,3,372, dublin-4
Detached,3750000,5,3,451.97, dublin-4
Detached,3500000,5,4,420, dublin-13
Detached,3500000,6,8,687, dublin-13
Detached,3200000,5,5,479.4, dublin-6
Detached,3200000,4,3,303, dublin-6
Detached,2750000,6,4,440, dublin-18
Detached,2500000,3,4,269.4, dublin-13
Semi-Detached,2500000,5,5,370, dublin-4
Detached,2390000,5,4,382.01, dublin-4
Semi-Detached,2350000,5,3,298, dublin-6
Detached,2350000,5,3,331.01, dublin-4
Bungalow,2250000,5,3,624, dublin-18
Semi-Detached,2100000,6,3,341, dublin-6
Terraced,2000000,12,9,172, dublin-6
Detached,2000000,5,4,381, dublin-3
Terraced,2000000,4,4,319, dublin-4
Detached,1995000,4,3,344, dublin-18
Detached,1990000,4,4,441, dublin-18
Detached,1950000,4,3,325, dublin-18
Detached,1950000,4,4,320, dublin-18
Terraced,1950000,4,5,330, dublin-4
Detached,1950000,5,4,217.02, dublin-4
Semi-Detached,1900000,5,3,280, dublin-4
Detached,1800000,5,4,350, dublin-13
Detached,1795000,4,3,306, dublin-6
Detached,1750000,6,3,335, dublin-18
Terraced,1750000,4,1,340, dublin-4
Detached,1700000,6,4,235, dublin-18
Apartment,1700000,15,14,517.2, dublin-9
Semi-Detached,1700000,7,3,385, dublin-13
Detached,1700000,5,3,312.2, dublin-18
Detached,1700000,4,2,204.387, dublin-15
Detached,1650000,6,4,372, dublin-18
Semi-Detached,1650000,4,2,217, dublin-4
Detached,1650000,5,3,299.98, dublin-18
Semi-Detached,1600000,4,1,167, dublin-3
End of Terrace House,1600000,3,2,222, dublin-4
Detached,1600000,4,4,247.96, dublin-4
Semi-Detached,1575000,4,1,171.99, dublin-4
Detached,1570000,4,2,207, dublin-4
Detached,1550000,5,3,233, dublin-18
Terraced,1550000,7,4,320, dublin-4
Townhouse,1500000,3,4,185.8, dublin-4
Detached,1500000,5,6,320, dublin-14
Detached,1500000,6,4,453, dublin-15
Detached,1500000,6,3,278.7, dublin-15
Detached,1500000,6,3,297, dublin-11
Terraced,1500000,4,2,197, dublin-6
Semi-Detached,1500000,4,2,229, dublin-4
Semi-Detached,1500000,7,3,473, dublin-6
Detached,1500000,5,3,231.98, dublin-13
Detached,1495000,4,5,387, dublin-18
Detached,1495000,6,3,330, dublin-4
Detached,1450000,5,3,311.968, dublin-13
Semi-Detached,1400000,4,2,190, dublin-13
Terraced,1400000,3,4,190, dublin-2
Detached,1400000,5,3,324.97, dublin-15
Detached,1380000,4,1,135, dublin-18
Detached,1375000,5,5,200.02, dublin-4
Detached,1350000,7,3,416, dublin-14
Terraced,1350000,4,5,230, dublin-6
Detached,1300000,5,4,256.9, dublin-3
End of Terrace House,1300000,4,3,235, dublin-4
Detached,1300000,6,5,290, dublin-3
Detached,1300000,4,3,227.6, dublin-15
Terraced,1300000,4,3,260, dublin-4
Detached,1300000,6,5,281.96, dublin-6
Semi-Detached,1300000,5,4,260, dublin-3
Detached,1250000,4,3,267.6, dublin-3
Detached,1250000,4,3,267.6, dublin-3
Semi-Detached,1250000,5,3,221.3, dublin-3
Semi-Detached,1250000,5,4,274, dublin-18
Terraced,1250000,4,3,197, dublin-4
Detached,1250000,4,2,190, dublin-13
Semi-Detached,1250000,4,3,313, dublin-14
Terraced,1250000,3,2,177, dublin-6
Detached,1200000,5,5,281, dublin-18
Detached,1200000,5,4,245, dublin-13
Semi-Detached,1200000,4,4,160, dublin-4
End of Terrace House,1200000,3,4,188, dublin-4
Townhouse,1200000,4,5,177.9, dublin-4
Detached,1200000,3,1,120.8, dublin-18
Terraced,1200000,5,6,286, dublin-6
Terraced,1200000,9,3,763, dublin-1
Bungalow,1200000,4,3,185, dublin-13
Detached,1200000,3,1,120.8, dublin-18
Detached,1195000,4,3,201, dublin-18
Terraced,1195000,5,4,207, dublin-2
Detached,1175000,5,3,215, dublin-18
Detached,1150000,5,3,268.9, dublin-18
Terraced,1150000,4,4,210, dublin-9
Semi-Detached,1150000,5,3,251, dublin-13
Detached,1150000,4,2,126, dublin-6
Detached,1125000,4,3,179, dublin-18
Detached,1100000,5,4,250, dublin-5
Apartment,1100000,4,5,330, dublin-9
Semi-Detached,1100000,4,4,210, dublin-6w
Detached,1100000,4,3,177, dublin-3
Detached,1100000,5,4,225, dublin-18
Detached,1100000,5,3,202, dublin-15
Detached,1100000,5,4,260, dublin-18
Apartment,1100000,3,2,180, dublin-4
Terraced,1100000,10,10,275, dublin-8
Terraced,1090000,5,3,162, dublin-3
Detached,1075000,5,5,260, dublin-18
Terraced,1075000,4,2,180, dublin-4
Terraced,1050000,4,3,236, dublin-6
Apartment,1000000,9,6,391.1, dublin-3
Detached,1000000,5,2,193, dublin-15
Terraced,1000000,3,3,165, dublin-6
Detached,995000,4,3,180, dublin-6
Detached,995000,3,1,156, dublin-4
Semi-Detached,995000,4,2,170, dublin-6w
Terraced,995000,4,1,172, dublin-6
Detached,995000,4,2,236.99, dublin-6w
Detached,995000,4,3,232.3, dublin-3
Detached,995000,4,2,138.98, dublin-4
Terraced,990000,11,10,466.7, dublin-7
Detached,985000,3,4,189, dublin-6
Detached,980000,4,4,200, dublin-14
Detached,975000,5,4,220, dublin-5
Semi-Detached,975000,4,3,154, dublin-4
Detached,975000,5,4,220, dublin-15
Detached,975000,4,3,260, dublin-9
Detached,975000,5,4,282, dublin-5
Terraced,975000,5,5,213, dublin-2
End of Terrace House,975000,10,10,247, dublin-4
End of Terrace House,975000,3,1,141, dublin-3
Semi-Detached,960000,4,4,250, dublin-3
Apartment,950000,3,4,167, dublin-4
Apartment,950000,2,2,158, dublin-18
Semi-Detached,950000,5,4,245, dublin-13
Terraced,950000,3,3,171.9, dublin-4
Detached,950000,4,4,189, dublin-6
Bungalow,950000,4,2,133, dublin-15
Semi-Detached,950000,4,3,209, dublin-14
Terraced,950000,3,2,140, dublin-6
Detached,950000,3,2,161, dublin-4
Detached,950000,2,3,103, dublin-14
Terraced,950000,13,13,385, dublin-6
Detached,950000,5,4,219.99, dublin-6
Detached,949500,4,4,223, dublin-13
Detached,945000,6,4,181, dublin-14
Detached,925000,5,3,330, dublin-18
Detached,908000,3,1,109, dublin-13
Detached,900000,4,4,204.4, dublin-18
Detached,900000,3,2,132, dublin-4
Detached,895000,5,4,220, dublin-5
End of Terrace House,895000,4,3,176, dublin-6
Semi-Detached,895000,4,4,228, dublin-13
Terraced,895000,4,3,195.1, dublin-6w
Detached,895000,5,6,273.3, dublin-14
Apartment,895000,3,2,167, dublin-4
Detached,895000,4,2,213, dublin-3
Detached,895000,5,2,175, dublin-13
Detached,895000,4,3,172, dublin-18
Terraced,895000,5,4,172, dublin-4
Detached,895000,4,2,235, dublin-18
Bungalow,895000,3,2,150, dublin-4
End of Terrace House,895000,2,2,103, dublin-6
Detached,895000,4,2,261.98, dublin-6
Detached,895000,5,2,189.99, dublin-15
Terraced,895000,4,1,146, dublin-3
Semi-Detached,890000,9,4,240, dublin-6
Terraced,890000,3,2,156, dublin-3
Detached,875000,6,3,243.9, dublin-15
Detached,875000,5,3,179, dublin-18
Semi-Detached,875000,4,1,153, dublin-9
Apartment,875000,3,2,268, dublin-18
Detached,875000,5,3,209.03, dublin-14
Detached,865000,4,3,190, dublin-13
Terraced,850000,4,4,228, dublin-13
Terraced,850000,4,4,228, dublin-13
Detached,850000,5,3,197, dublin-13
Terraced,850000,3,2,151, dublin-4
Semi-Detached,850000,3,2,130, dublin-3
Terraced,850000,5,3,195.5, dublin-8
Terraced,850000,3,4,176, dublin-8
Detached,850000,5,4,220, dublin-5
Detached,850000,5,2,168, dublin-13
Terraced,845000,5,2,218.322, dublin-6
Detached,845000,3,2,184.04, dublin-6
Terraced,840000,3,3,110, dublin-4
Semi-Detached,825000,4,1,127, dublin-6
Terraced,825000,4,3,187, dublin-9
Terraced,825000,4,3,176, dublin-6
Apartment,810000,2,3,120, dublin-4
End of Terrace House,800000,4,1,165.4, dublin-2
Detached,800000,4,4,232.3, dublin-22
Apartment,795000,3,2,332, dublin-6w
Detached,795000,5,3,217.7, dublin-18
Semi-Detached,795000,9,9,242, dublin-9
Detached,795000,4,3,175, dublin-14
Detached,795000,5,2,163, dublin-18
Semi-Detached,795000,4,3,145, dublin-3
Detached,795000,8,3,300, dublin-14
Detached,795000,5,3,260, dublin-13
Detached,795000,4,2,152, dublin-18
Semi-Detached,795000,4,3,148, dublin-14
End of Terrace House,795000,6,8,196, dublin-6
Terraced,795000,6,3,166.02, dublin-6
Terraced,790000,3,1,81, dublin-4
Duplex,785000,3,2,247, dublin-18
Terraced,785000,3,2,138, dublin-4
Terraced,785000,4,3,121.5, dublin-4
Detached,780000,4,4,235.7, dublin-3
Apartment,775000,2,2,88, dublin-4
Terraced,775000,5,2,158, dublin-4
Detached,775000,5,4,215, dublin-18
Detached,775000,4,2,162, dublin-18
Semi-Detached,775000,3,3,220, dublin-6
Terraced,775000,4,1,129.1, dublin-4
Detached,770000,4,2,128.02, dublin-6
Bungalow,765000,3,2,140, dublin-6
Detached,760000,4,2,200, dublin-18
Detached,760000,5,3,162, dublin-13
Semi-Detached,750000,5,3,201, dublin-6
End of Terrace House,750000,3,3,138, dublin-13
Semi-Detached,750000,5,3,179, dublin-16
Detached,750000,4,3,158, dublin-3
Terraced,750000,4,6,145, dublin-6
Semi-Detached,750000,5,2,185.806, dublin-14
End of Terrace House,750000,4,2,156, dublin-6
End of Terrace House,750000,4,1,131, dublin-6w
Bungalow,750000,4,3,109, dublin-6
Detached,750000,4,2,170, dublin-18
Detached,750000,4,2,160, dublin-13
Semi-Detached,750000,3,1,120, dublin-13
Terraced,750000,4,1,163.1, dublin-6
Detached,750000,4,2,138, dublin-13
Terraced,750000,7,2,247, dublin-6
Terraced,750000,4,4,300, dublin-1
Semi-Detached,750000,3,3,189.9, dublin-14
Terraced,750000,4,3,160, dublin-4
Detached,750000,4,3,152, dublin-15
Semi-Detached,749000,3,1,113, dublin-9
Detached,748000,4,2,200.02, dublin-14
Detached,745000,4,3,167.2, dublin-6
Bungalow,745000,4,1,248, dublin-5
Detached,745000,4,2,172, dublin-18
Detached,745000,4,4,160, dublin-18
Detached,745000,4,2,122, dublin-15
Terraced,745000,4,4,166, dublin-14
Semi-Detached,735000,5,3,215, dublin-15
Detached,730000,4,2,166, dublin-13
Bungalow,730000,3,2,116, dublin-13
End of Terrace House,725000,4,3,124, dublin-8
Detached,725000,4,5,216, dublin-13
Apartment,725000,2,3,216, dublin-2
Terraced,725000,3,5,160, dublin-14
Semi-Detached,725000,4,2,153, dublin-14
Semi-Detached,725000,4,1,125, dublin-3
Detached,725000,4,2,166, dublin-18
Detached,725000,5,2,159, dublin-13
Detached,725000,3,1,105, dublin-13
Semi-Detached,720000,5,4,245, dublin-16
Semi-Detached,720000,5,4,245, dublin-14
Detached,720000,4,3,165, dublin-13
Detached,720000,4,4,174.4, dublin-6
Bungalow,710000,4,2,136, dublin-13
Apartment,710000,2,3,146.8, dublin-8
Semi-Detached,700000,4,3,176.7, dublin-9
Terraced,700000,3,1,130, dublin-3
Terraced,700000,8,3,270, dublin-8
Bungalow,699950,4,2,232.3, dublin-22
Semi-Detached,699000,3,2,157, dublin-6w
Detached,699000,4,3,250, dublin-6
Semi-Detached,695000,3,2,165, dublin-9
Terraced,695000,4,4,125, dublin-6
Detached,695000,3,2,128, dublin-6
Apartment,695000,2,2,98, dublin-4
Detached,695000,4,2,196.4, dublin-4
Terraced,695000,3,2,189, dublin-9
Detached,695000,4,1,185, dublin-9
Detached,695000,4,3,155, dublin-5
Terraced,695000,5,6,142.4, dublin-4
Detached,695000,3,2,139.4, dublin-13
Terraced,695000,4,2,125, dublin-4
Detached,695000,4,2,229.9, dublin-5
Bungalow,695000,4,3,185, dublin-14
Semi-Detached,695000,4,2,128, dublin-5
End of Terrace House,695000,4,2,115, dublin-3
Detached,695000,5,2,190, dublin-11
Terraced,695000,3,2,118, dublin-8
Detached,695000,4,2,170, dublin-5
Semi-Detached,695000,3,1,129, dublin-9
Semi-Detached,695000,4,2,125, dublin-3
Terraced,695000,9,9,255, dublin-9
Terraced,695000,4,2,169, dublin-2
Detached,695000,4,2,151, dublin-14
Apartment,690000,3,4,248, dublin-16
Detached,690000,4,2,136, dublin-18
Semi-Detached,690000,3,1,125, dublin-4
Apartment,690000,4,2,122.3, dublin-4
Semi-Detached,685000,4,3,186, dublin-6
Detached,685000,4,1,187, dublin-18
Detached,680000,4,3,150, dublin-18
Semi-Detached,680000,4,1,121, dublin-13
Semi-Detached,675000,4,3,181, dublin-18
Detached,675000,4,2,144, dublin-18
Detached,675000,5,3,175, dublin-14
End of Terrace House,675000,4,2,150, dublin-6w
End of Terrace House,675000,4,2,170, dublin-4
Detached,675000,4,1,112, dublin-14
Detached,675000,3,2,111.02, dublin-8
Detached,674500,3,1,98.01, dublin-14
Semi-Detached,670000,4,3,171.3, dublin-9
Semi-Detached,665000,4,3,171.3, dublin-9
Detached,665000,4,3,172, dublin-14
Semi-Detached,665000,4,2,172, dublin-15
Semi-Detached,660000,3,1,119, dublin-5
Terraced,660000,4,2,180, dublin-8
Terraced,650000,3,3,111.4, dublin-8
Detached,650000,4,3,186, dublin-16
Semi-Detached,650000,5,3,175.8, dublin-5
Semi-Detached,650000,4,3,143, dublin-13
Detached,650000,5,3,157, dublin-13
Detached,650000,4,4,144, dublin-6w
Semi-Detached,650000,5,2,136.6, dublin-14
Terraced,650000,6,6,193, dublin-6
Semi-Detached,650000,4,2,172, dublin-5
Detached,650000,4,3,153.3, dublin-14
Semi-Detached,650000,4,1,149, dublin-3
Detached,650000,4,1,149.5, dublin-13
Detached,650000,4,3,129, dublin-15
Detached,650000,4,1,151.8, dublin-6w
Terraced,650000,4,4,194.5, dublin-8
Detached,650000,4,3,163.04, dublin-14
Detached,650000,4,2,144, dublin-3
Terraced,650000,3,1,106, dublin-3
Semi-Detached,649500,3,3,153, dublin-3
Terraced,649000,4,2,144, dublin-8
Semi-Detached,645000,4,1,156, dublin-16
Bungalow,645000,3,2,139.4, dublin-13
Detached,640000,5,1,182, dublin-18
Semi-Detached,637500,5,3,190, dublin-13
Detached,635000,4,2,156, dublin-18
End of Terrace House,630000,3,2,100, dublin-6
Terraced,630000,3,2,100, dublin-6
Semi-Detached,630000,5,1,152, dublin-18
Semi-Detached,630000,5,2,149, dublin-6w
Detached,630000,2,2,99.96, dublin-6
Semi-Detached,625000,4,3,175, dublin-16
Bungalow,625000,4,3,143.8, dublin-16
Terraced,625000,3,2,127, dublin-4
End of Terrace House,625000,3,2,118, dublin-9
Detached,625000,2,1,225, dublin-18
Semi-Detached,625000,4,2,125, dublin-18
Detached,625000,4,4,117.2, dublin-3
Bungalow,625000,3,2,111, dublin-13
Semi-Detached,625000,4,1,114, dublin-18
Semi-Detached,625000,3,2,153.3, dublin-9
Semi-Detached,625000,5,1,133, dublin-3
Semi-Detached,625000,3,1,128, dublin-9
Semi-Detached,620000,4,2,179, dublin-13
Semi-Detached,610000,4,3,165, dublin-14
Terraced,605000,4,5,174.9, dublin-14
Terraced,605000,3,3,100, dublin-6
Terraced,605000,3,2,100, dublin-6
Semi-Detached,605000,4,4,174.9, dublin-16
Detached,605000,2,2,99.96, dublin-6
Detached,600000,3,1,160, dublin-14
Detached,600000,4,3,140, dublin-9
Terraced,600000,10,7,278.7, dublin-1
Terraced,600000,3,3,130, dublin-6
Apartment,599950,3,3,95, dublin-4
Detached,599000,5,4,193, dublin-18
Detached,599000,5,3,192, dublin-16
Detached,599000,3,3,165, dublin-6
Semi-Detached,595000,4,2,143, dublin-15
Semi-Detached,595000,4,3,164, dublin-16
Semi-Detached,595000,4,3,164, dublin-16
Semi-Detached,595000,9,6,225, dublin-7
Apartment,595000,2,2,85, dublin-15
Semi-Detached,595000,3,1,150, dublin-9
Semi-Detached,595000,4,2,147.6, dublin-16
Detached,595000,4,2,168.7, dublin-14
Townhouse,595000,4,2,145, dublin-14
Detached,595000,4,3,130, dublin-16
Detached,595000,4,3,125, dublin-15
Duplex,595000,3,3,117, dublin-2
Detached,595000,5,3,154, dublin-15
Detached,595000,4,1,152.42, dublin-14
Semi-Detached,595000,4,2,145, dublin-18
Detached,595000,5,2,106, dublin-6
Terraced,595000,3,2,117, dublin-6
Semi-Detached,595000,3,1,106, dublin-3
Terraced,595000,3,3,145, dublin-9
Semi-Detached,595000,4,3,111, dublin-4
Terraced,595000,3,2,110.6, dublin-6
End of Terrace House,595000,3,2,102, dublin-8
Semi-Detached,595000,3,2,102, dublin-6
End of Terrace House,595000,4,1,203, dublin-9
Semi-Detached,595000,4,2,148.6, dublin-18
Detached,595000,4,2,170.01, dublin-9
Semi-Detached,595000,4,3,164, dublin-16
Semi-Detached,595000,4,2,157.3, dublin-9
Detached,595000,3,3,141.95, dublin-4
Semi-Detached,595000,4,2,110, dublin-14
Detached,594950,4,2,171.5, dublin-18
Semi-Detached,590000,3,2,138, dublin-3
Semi-Detached,590000,3,3,163.59, dublin-7
Detached,590000,4,3,165.4, dublin-15
Detached,590000,3,2,142, dublin-15
Detached,585000,4,3,151, dublin-14
Bungalow,585000,4,1,114, dublin-5
Terraced,585000,3,2,121, dublin-9
Semi-Detached,575000,7,4,190, dublin-11
Semi-Detached,575000,4,2,131, dublin-18
Townhouse,575000,3,2,125, dublin-4
Semi-Detached,575000,4,2,161, dublin-15
End of Terrace House,575000,3,1,115, dublin-3
Detached,575000,5,3,142, dublin-18
Semi-Detached,575000,3,2,112, dublin-9
Semi-Detached,575000,6,1,205, dublin-9
Semi-Detached,575000,3,2,115, dublin-3
Semi-Detached,575000,3,2,98, dublin-3
Semi-Detached,575000,4,2,134.7, dublin-6w
Semi-Detached,575000,4,1,117, dublin-14
Semi-Detached,570000,4,1,118, dublin-18
Semi-Detached,569000,4,2,130, dublin-6w
Semi-Detached,560000,4,2,148.6, dublin-5
Terraced,560000,3,2,109, dublin-6
Semi-Detached,560000,3,2,130.1, dublin-14
Semi-Detached,555000,5,3,189, dublin-15
Semi-Detached,550000,4,1,130.1, dublin-16
Apartment,550000,2,2,72, dublin-2
Semi-Detached,550000,4,3,135, dublin-14
Semi-Detached,550000,4,2,112.1, dublin-15
Semi-Detached,550000,4,3,175, dublin-15
Terraced,550000,3,2,101, dublin-3
Semi-Detached,550000,4,3,167.2, dublin-16
Terraced,550000,3,2,108, dublin-2
Semi-Detached,550000,4,2,117, dublin-3
Semi-Detached,550000,4,2,107, dublin-18
Terraced,550000,4,2,168, dublin-4
Bungalow,550000,3,2,86, dublin-5
Semi-Detached,550000,3,1,124, dublin-9
Semi-Detached,550000,4,3,103, dublin-16
End of Terrace House,550000,4,2,155, dublin-4
Semi-Detached,550000,3,2,125, dublin-6w
Semi-Detached,550000,3,2,115, dublin-7
Semi-Detached,550000,3,1,112, dublin-14
End of Terrace House,550000,4,6,140, dublin-6
Terraced,550000,4,4,278.7, dublin-12
Terraced,550000,5,5,196, dublin-18
Detached,550000,4,1,134.99, dublin-14
Detached,550000,4,2,116.96, dublin-14
Terraced,545000,2,2,98, dublin-8
Apartment,545000,3,2,97, dublin-15
Semi-Detached,545000,4,2,137, dublin-14
Semi-Detached,545000,5,3,145, dublin-5
Semi-Detached,545000,4,2,138, dublin-5
Semi-Detached,545000,5,2,150, dublin-14
Semi-Detached,545000,4,2,133, dublin-3
Semi-Detached,545000,5,3,146, dublin-14
Semi-Detached,545000,5,5,167.2, dublin-6
Detached,545000,4,2,155, dublin-18
Semi-Detached,540000,5,3,129.3, dublin-9
Semi-Detached,535000,3,1,90, dublin-14
Terraced,535000,2,2,84.3, dublin-8
Terraced,530000,4,4,150.3, dublin-6w
Terraced,530000,4,4,150.3, dublin-6w
Semi-Detached,530000,5,3,181, dublin-13
Semi-Detached,530000,3,2,117, dublin-14
Terraced,530000,2,1,91, dublin-4
Terraced,525000,3,3,105, dublin-8
Semi-Detached,525000,3,3,109, dublin-16
Duplex,525000,3,2,85, dublin-4
End of Terrace House,525000,2,1,81.7, dublin-4
Semi-Detached,525000,4,3,162, dublin-18
Detached,525000,3,3,120, dublin-7
Terraced,525000,3,3,90.4, dublin-4
End of Terrace House,525000,3,1,111, dublin-3
Semi-Detached,525000,3,1,94, dublin-14
Semi-Detached,525000,3,2,90, dublin-16
Terraced,525000,2,1,83, dublin-4
Semi-Detached,525000,3,1,133, dublin-3
Semi-Detached,525000,4,1,121, dublin-18
Bungalow,525000,3,1,98.84, dublin-6w
Detached,525000,4,3,135.8, dublin-14
Detached,525000,4,2,123, dublin-14
Semi-Detached,525000,4,2,118, dublin-18
Detached,525000,3,2,94.02, dublin-6
Semi-Detached,524950,4,2,110, dublin-16
Semi-Detached,520000,4,3,131, dublin-6w
Semi-Detached,520000,3,1,89, dublin-3
Detached,520000,3,2,108, dublin-14
Detached,520000,4,3,106, dublin-18
Semi-Detached,515000,4,3,111.48, dublin-6w
Semi-Detached,515000,3,2,101, dublin-5
End of Terrace House,510000,3,3,121.7, dublin-6w
End of Terrace House,510000,3,3,121.7, dublin-6w
Apartment,510000,3,2,80, dublin-14
Semi-Detached,510000,3,3,105, dublin-16
Bungalow,500000,5,2,160, dublin-16
Apartment,500000,2,1,85.3, dublin-4
Terraced,500000,3,3,102, dublin-3
End of Terrace House,500000,3,3,119, dublin-6
Semi-Detached,500000,3,1,124.5, dublin-14
End of Terrace House,500000,3,1,96, dublin-7
Semi-Detached,500000,6,3,275, dublin-24
Terraced,500000,5,7,208, dublin-7
Terraced,500000,5,3,202, dublin-1
Terraced,500000,5,2,157.7, dublin-3
End of Terrace House,500000,3,2,116, dublin-4
Terraced,499950,2,1,135.65, dublin-8
Semi-Detached,499000,4,3,156, dublin-3
Detached,499000,4,4,147, dublin-24
Apartment,495000,2,3,106.9, dublin-15
Semi-Detached,495000,5,4,189.5, dublin-13
Duplex,495000,3,3,95, dublin-4
Terraced,495000,3,3,94, dublin-14
Semi-Detached,495000,4,2,148, dublin-18
Semi-Detached,495000,3,3,94, dublin-18
Detached,495000,3,2,121.4, dublin-5
Apartment,495000,2,2,102.5, dublin-18
Duplex,495000,3,2,77, dublin-6
Semi-Detached,495000,4,1,139.35, dublin-15
Semi-Detached,495000,3,3,110, dublin-3
Apartment,495000,2,2,106.5, dublin-3
Terraced,495000,2,1,75.5, dublin-6
Terraced,495000,5,3,145, dublin-3
Semi-Detached,495000,4,2,121, dublin-14
Apartment,495000,3,2,120.8, dublin-3
Semi-Detached,495000,4,2,120, dublin-14
Apartment,495000,2,3,82, dublin-4
Terraced,495000,2,1,61, dublin-4
Bungalow,495000,4,3,156.6, dublin-6w
Semi-Detached,495000,5,2,129.2, dublin-16
Bungalow,495000,3,2,100, dublin-18
Bungalow,495000,3,1,83.75, dublin-18
Terraced,495000,4,1,129, dublin-5
Terraced,495000,3,1,102, dublin-3
End of Terrace House,495000,3,1,80.8, dublin-6
Semi-Detached,495000,3,2,139, dublin-5
Semi-Detached,495000,5,4,133.4, dublin-7
End of Terrace House,495000,8,6,190, dublin-7
Semi-Detached,495000,4,3,150, dublin-15
Semi-Detached,495000,3,1,134.7, dublin-9
Terraced,495000,3,2,97.9, dublin-6
Detached,495000,3,1,95.97, dublin-18
Semi-Detached,490000,4,4,175, dublin-6w
Semi-Detached,490000,4,2,99, dublin-18
Semi-Detached,490000,3,2,106.2, dublin-18
Detached,490000,5,4,171.9, dublin-15
Townhouse,490000,2,2,87, dublin-6
End of Terrace House,490000,1,1,67, dublin-4
Semi-Detached,485000,3,3,107, dublin-6w
Apartment,485000,2,2,83.96, dublin-8
Semi-Detached,485000,6,5,220, dublin-9
Semi-Detached,485000,3,2,128, dublin-6w
Semi-Detached,480000,4,2,134, dublin-15
Townhouse,480000,2,2,100, dublin-2
Semi-Detached,480000,4,2,97, dublin-15
Semi-Detached,480000,4,2,143, dublin-6w
Semi-Detached,480000,4,2,108, dublin-15
Apartment,475000,2,2,85, dublin-6
Terraced,475000,4,4,139, dublin-15
Terraced,475000,3,4,136.11, dublin-9
Semi-Detached,475000,4,3,101, dublin-18
Semi-Detached,475000,4,3,135, dublin-18
Apartment,475000,3,2,83, dublin-4
Terraced,475000,2,1,65.02, dublin-8
Bungalow,475000,2,2,60, dublin-3
Terraced,475000,3,1,94, dublin-5
End of Terrace House,475000,3,1,89, dublin-13
Terraced,475000,3,2,123, dublin-7
Semi-Detached,475000,5,2,189.59, dublin-9
Semi-Detached,475000,4,2,108, dublin-9
Semi-Detached,475000,3,1,106.6, dublin-14
End of Terrace House,475000,5,4,156, dublin-9
Semi-Detached,475000,3,2,114, dublin-5
Semi-Detached,475000,4,1,130, dublin-7
Detached,475000,3,2,113.99, dublin-3
Semi-Detached,475000,2,1,53, dublin-5
Terraced,474950,4,2,123.75, dublin-18
Semi-Detached,474950,4,2,147, dublin-15
Apartment,470000,2,2,90, dublin-1
Semi-Detached,470000,4,3,144, dublin-9
Detached,470000,4,1,138, dublin-16
Semi-Detached,470000,4,3,162.6, dublin-20
Apartment,470000,2,2,113.99, dublin-11
Semi-Detached,469000,4,3,163.5, dublin-24
Semi-Detached,469000,4,3,163.5, dublin-24
Semi-Detached,469000,3,2,142, dublin-7
Apartment,465000,2,2,76, dublin-1
Detached,465000,5,4,210, dublin-15
Townhouse,465000,2,1,63.17, dublin-4
Semi-Detached,465000,3,2,103, dublin-18
Semi-Detached,465000,3,2,119, dublin-16
Terraced,465000,3,1,92, dublin-7
Detached,465000,4,2,144, dublin-16
Terraced,465000,3,3,112.04, dublin-9
Apartment,465000,2,2,92, dublin-6
Semi-Detached,460000,4,2,139, dublin-9
End of Terrace House,460000,2,1,65, dublin-8
End of Terrace House,460000,3,2,113, dublin-8
Semi-Detached,460000,3,1,120.8, dublin-18
Semi-Detached,460000,3,1,104, dublin-13
Semi-Detached,460000,3,1,95.48, dublin-6w
Bungalow,460000,3,1,79.99, dublin-14
Semi-Detached,455000,3,1,94, dublin-14
Terraced,455000,3,1,104.3, dublin-3
Semi-Detached,450000,3,1,111.5, dublin-16
Apartment,450000,3,2,108.2, dublin-15
Apartment,450000,2,2,94, dublin-15
Apartment,450000,2,2,74, dublin-2
Terraced,450000,2,2,93, dublin-9
End of Terrace House,450000,5,3,149, dublin-7
Apartment,450000,2,1,93, dublin-4
Terraced,450000,3,2,106, dublin-16
Semi-Detached,450000,4,3,133, dublin-18
Terraced,450000,3,2,99, dublin-18
Semi-Detached,450000,3,2,94, dublin-18
Semi-Detached,450000,3,2,130.1, dublin-16
Semi-Detached,450000,4,3,106, dublin-6w
Terraced,450000,3,1,103, dublin-3
Terraced,450000,3,2,102, dublin-6
End of Terrace House,450000,3,1,209.5, dublin-16
Semi-Detached,450000,4,3,152, dublin-15
End of Terrace House,450000,3,3,129, dublin-7
Semi-Detached,450000,4,3,127.98, dublin-16
Semi-Detached,450000,5,1,133.3, dublin-18
Semi-Detached,450000,4,1,96, dublin-7
Semi-Detached,450000,10,10,211, dublin-9
Semi-Detached,450000,3,1,114, dublin-13
Semi-Detached,450000,3,2,110, dublin-6w
Semi-Detached,450000,3,2,105, dublin-5
End of Terrace House,450000,3,1,142, dublin-4
Semi-Detached,450000,3,2,133, dublin-6w
Semi-Detached,450000,3,1,99, dublin-9
Bungalow,450000,3,1,78, dublin-5
Terraced,450000,9,8,490, dublin-1
Terraced,450000,4,4,110, dublin-18
Semi-Detached,449950,4,3,116, dublin-14
Semi-Detached,449000,4,2,135, dublin-7
Semi-Detached,445000,3,2,117.6, dublin-11
End of Terrace House,445000,3,2,98, dublin-7
Terraced,445000,3,1,80, dublin-6
Townhouse,445000,9,9,246.5, dublin-1
Semi-Detached,445000,5,3,150.8, dublin-5
Semi-Detached,445000,3,1,87.3, dublin-16
Semi-Detached,440000,4,2,108, dublin-7
Terraced,440000,2,1,46, dublin-4
Semi-Detached,440000,4,3,122, dublin-15
Semi-Detached,440000,4,1,95, dublin-13
Terraced,440000,2,1,59.18, dublin-4
Apartment,435000,3,2,93, dublin-1
Apartment,435000,2,2,80, dublin-6
Detached,435000,4,3,182, dublin-15
Semi-Detached,435000,4,3,124.6, dublin-16
Semi-Detached,435000,3,2,134.709, dublin-16
Semi-Detached,435000,3,2,90.5805, dublin-14
Terraced,435000,3,1,84, dublin-5
Semi-Detached,435000,3,2,115, dublin-11
Apartment,435000,3,2,121, dublin-1
Semi-Detached,435000,4,2,120, dublin-6w
Semi-Detached,430000,3,2,93, dublin-18
Semi-Detached,430000,3,3,130, dublin-15
Terraced,430000,6,4,190, dublin-8
Terraced,430000,3,1,99, dublin-5
End of Terrace House,430000,3,1,110, dublin-9
Terraced,430000,2,1,66, dublin-8
Terraced,430000,3,2,131, dublin-9
Townhouse,430000,3,2,92.9, dublin-9
Semi-Detached,425000,5,3,171.6, dublin-13
Semi-Detached,425000,4,2,151, dublin-13
Semi-Detached,425000,3,3,144, dublin-7
Semi-Detached,425000,4,3,121, dublin-18
Apartment,425000,2,2,96, dublin-4
Townhouse,425000,2,1,66, dublin-4
Semi-Detached,425000,4,3,157, dublin-11
Terraced,425000,4,2,118, dublin-9
Semi-Detached,425000,3,1,108, dublin-13
Semi-Detached,425000,3,1,100, dublin-7
Terraced,425000,3,1,91, dublin-3
Bungalow,425000,2,1,48, dublin-18
Bungalow,425000,5,3,183, dublin-15
End of Terrace House,425000,3,2,101.85, dublin-14
End of Terrace House,425000,3,1,96, dublin-14
Terraced,425000,4,1,128, dublin-7
Semi-Detached,425000,3,1,105, dublin-9
Semi-Detached,425000,4,1,98, dublin-18
Semi-Detached,425000,3,1,93, dublin-7
Bungalow,425000,3,1,91.8, dublin-12
Townhouse,425000,8,8,229, dublin-1
Semi-Detached,425000,3,3,100, dublin-9
Terraced,425000,2,2,52.95, dublin-4
Semi-Detached,424950,3,3,120.8, dublin-11
Apartment,420000,2,2,77, dublin-1
Semi-Detached,420000,3,3,137.032, dublin-7
Semi-Detached,420000,4,3,110, dublin-16
Terraced,420000,3,3,107, dublin-18
Semi-Detached,420000,3,3,84.9, dublin-16
Semi-Detached,420000,3,1,98, dublin-16
Terraced,420000,3,1,70, dublin-14
Semi-Detached,420000,3,3,106, dublin-15
Detached,419000,3,3,152, dublin-15
Semi-Detached,415000,3,1,84, dublin-18
Semi-Detached,415000,3,1,105, dublin-5
Semi-Detached,410000,3,2,102, dublin-18
Semi-Detached,410000,3,3,90, dublin-18
Semi-Detached,410000,4,2,101, dublin-15
Semi-Detached,410000,5,2,146, dublin-5
Semi-Detached,410000,3,2,125.4, dublin-9
Terraced,405000,2,1,70, dublin-8
End of Terrace House,405000,4,2,139.4, dublin-15
Semi-Detached,404950,4,4,123.7, dublin-16
Semi-Detached,400000,4,3,130.5, dublin-24
Semi-Detached,400000,4,3,130.5, dublin-24
Semi-Detached,400000,4,3,130.5, dublin-24
Semi-Detached,400000,4,3,130.4, dublin-24
Semi-Detached,400000,4,3,130.3, dublin-24
Apartment,400000,2,2,86, dublin-1
Semi-Detached,400000,3,2,96, dublin-12
Detached,400000,4,3,135, dublin-24
Detached,400000,4,3,125, dublin-15
Semi-Detached,400000,4,3,125, dublin-15
Apartment,400000,2,2,85, dublin-4
Semi-Detached,400000,3,1,82, dublin-5
Semi-Detached,400000,4,3,130.3, dublin-24
Duplex,399950,3,3,106.8, dublin-18
End of Terrace House,399950,5,4,135, dublin-24
Semi-Detached,399000,3,1,80, dublin-18
Semi-Detached,399000,4,2,118, dublin-15
Terraced,398000,5,2,148.2, dublin-7
Semi-Detached,395000,3,3,110.9, dublin-5
Duplex,395000,3,3,149, dublin-18
End of Terrace House,395000,4,2,127, dublin-5
Duplex,395000,3,2,119, dublin-9
Duplex,395000,3,3,115, dublin-9
Semi-Detached,395000,4,2,112, dublin-13
Semi-Detached,395000,4,2,112, dublin-13
Terraced,395000,3,1,109, dublin-4
Apartment,395000,2,2,73, dublin-8
Detached,395000,4,3,194.9, dublin-15
Terraced,395000,4,2,132, dublin-18
Apartment,395000,2,2,127.7, dublin-14
Semi-Detached,395000,3,3,105, dublin-15
Terraced,395000,3,2,100.8, dublin-8
Terraced,395000,5,5,169.5, dublin-3
Terraced,395000,2,2,107, dublin-8
Terraced,395000,3,1,94, dublin-9
Terraced,395000,3,1,85, dublin-3
Detached,395000,5,4,164, dublin-15
Detached,395000,4,3,127, dublin-22
Semi-Detached,395000,3,2,100.4, dublin-5
Apartment,395000,3,3,97.9, dublin-4
Semi-Detached,395000,3,1,87, dublin-18
Semi-Detached,395000,5,3,161, dublin-11
Semi-Detached,395000,3,1,119, dublin-9
Terraced,395000,3,1,102, dublin-9
Semi-Detached,395000,4,1,98, dublin-9
Semi-Detached,395000,3,2,94.57, dublin-16
Apartment,395000,2,1,85, dublin-4
Semi-Detached,395000,3,1,83.1, dublin-6w
Apartment,395000,2,2,69.7, dublin-4
Detached,395000,1,1,66, dublin-14
Detached,395000,3,2,116, dublin-11
End of Terrace House,395000,3,1,91, dublin-6w
Bungalow,395000,2,1,83, dublin-4
Apartment,395000,2,2,74, dublin-2
Semi-Detached,395000,3,2,145, dublin-9
Semi-Detached,395000,4,2,134, dublin-5
Terraced,395000,3,2,110.3, dublin-14
Semi-Detached,395000,3,1,109, dublin-9
Semi-Detached,395000,3,1,97.5, dublin-18
Terraced,395000,3,1,85, dublin-13
End of Terrace House,395000,5,2,198, dublin-7
Semi-Detached,395000,3,1,100, dublin-20
Townhouse,395000,8,4,255.28, dublin-7
Terraced,395000,5,3,142.9, dublin-9
Terraced,395000,3,2,130, dublin-9
Apartment,395000,2,2,120, dublin-18
Apartment,395000,2,2,93, dublin-6
Apartment,390000,2,2,98, dublin-4
Apartment,390000,2,2,77, dublin-6w
Semi-Detached,390000,3,1,82, dublin-16
Semi-Detached,390000,3,3,94, dublin-18
Semi-Detached,390000,3,2,98.7, dublin-16
Semi-Detached,390000,3,1,109, dublin-6w
Semi-Detached,390000,3,1,84, dublin-16
Semi-Detached,390000,4,5,134, dublin-5
Semi-Detached,390000,4,1,115.6, dublin-12
Semi-Detached,390000,3,2,97.4, dublin-7
Semi-Detached,389950,3,1,117, dublin-9
Apartment,385000,2,2,72, dublin-8
Detached,385000,3,2,111, dublin-18
Semi-Detached,385000,3,2,137, dublin-8
Terraced,385000,3,2,90, dublin-6
End of Terrace House,385000,4,2,130, dublin-9
Terraced,385000,3,1,1165, dublin-6w
Apartment,385000,3,2,93, dublin-1
Semi-Detached,385000,3,1,105, dublin-7
Semi-Detached,385000,3,1,96, dublin-16
Semi-Detached,385000,3,1,91.2, dublin-6w
Apartment,385000,3,2,84, dublin-6w
Detached,385000,5,3,165, dublin-15
Semi-Detached,385000,3,2,105, dublin-9
Terraced,385000,3,2,62, dublin-6
Semi-Detached,385000,3,1,94, dublin-12
Semi-Detached,384950,4,2,130.1, dublin-11
End of Terrace House,380000,3,1,84, dublin-13
Apartment,380000,2,2,72, dublin-8
Apartment,380000,2,1,59, dublin-4
Semi-Detached,380000,3,1,95.6, dublin-18
Bungalow,380000,3,1,101, dublin-12
Bungalow,380000,3,1,69, dublin-13
End of Terrace House,380000,2,1,72, dublin-8
Semi-Detached,380000,1,1,67.5, dublin-7
Terraced,379950,3,3,117, dublin-18
Terraced,379950,2,1,87, dublin-8
End of Terrace House,379500,3,1,81.1, dublin-8
Detached,375000,4,3,132, dublin-9
Duplex,375000,3,3,118, dublin-18
Terraced,375000,3,1,105, dublin-7
Apartment,375000,2,2,72.15, dublin-4
Terraced,375000,2,1,86, dublin-9
Semi-Detached,375000,4,3,128, dublin-11
Semi-Detached,375000,3,1,101.1, dublin-14
End of Terrace House,375000,4,2,101, dublin-13
Semi-Detached,375000,3,1,100.6, dublin-9
Semi-Detached,375000,3,3,99, dublin-15
Apartment,375000,2,2,65, dublin-2
Semi-Detached,375000,3,3,105, dublin-15
End of Terrace House,375000,3,1,74, dublin-13
Semi-Detached,375000,4,3,119, dublin-12
Semi-Detached,375000,3,2,92.9, dublin-13
Terraced,375000,2,1,74.4, dublin-8
Semi-Detached,375000,3,2,112, dublin-11
Terraced,375000,3,2,97, dublin-3
Apartment,375000,2,2,79, dublin-1
End of Terrace House,375000,2,2,78, dublin-2
Semi-Detached,375000,3,1,77.1, dublin-14
Terraced,375000,3,1,72, dublin-9
End of Terrace House,375000,3,1,83.6, dublin-14
Semi-Detached,375000,3,1,78.39, dublin-14
Terraced,375000,3,4,145, dublin-7
Semi-Detached,375000,3,1,78, dublin-13
Semi-Detached,375000,5,2,140, dublin-9
Semi-Detached,375000,3,2,115.3, dublin-4
Semi-Detached,375000,3,1,114, dublin-7
Semi-Detached,375000,3,2,111.5, dublin-12
Terraced,375000,2,3,80, dublin-13
Terraced,370000,3,3,100, dublin-16
End of Terrace House,370000,5,1,134, dublin-5
Detached,370000,3,2,98.9, dublin-13
Terraced,370000,3,2,7.4, dublin-13
Semi-Detached,370000,4,3,125.4, dublin-9
Terraced,370000,3,1,85, dublin-5
End of Terrace House,370000,4,4,132, dublin-7
Semi-Detached,369950,5,3,139.4, dublin-22
Semi-Detached,365000,2,2,100, dublin-5
Apartment,365000,2,2,78, dublin-18
Terraced,365000,4,4,104, dublin-18
Terraced,365000,4,4,123, dublin-3
Apartment,365000,3,2,119, dublin-18
Terraced,365000,3,3,91, dublin-18
Apartment,365000,2,2,65, dublin-4
Bungalow,365000,2,1,52, dublin-6
Semi-Detached,365000,4,3,140, dublin-11
Semi-Detached,365000,3,3,104, dublin-15
Terraced,365000,3,1,99, dublin-7
Semi-Detached,365000,3,1,95.7, dublin-16
Terraced,365000,3,1,79, dublin-3
Semi-Detached,365000,3,1,145, dublin-22
Semi-Detached,365000,4,3,103, dublin-12
Terraced,365000,3,1,83.6, dublin-14
Terraced,365000,3,1,83, dublin-5
Semi-Detached,365000,3,1,80, dublin-18
Apartment,365000,2,2,70.6, dublin-4
Terraced,365000,3,1,85, dublin-6w
Apartment,365000,2,1,53, dublin-6
End of Terrace House,365000,3,1,106, dublin-12
Semi-Detached,365000,3,1,96, dublin-9
Terraced,365000,3,2,96, dublin-7
Semi-Detached,364950,3,2,96.2, dublin-14
Semi-Detached,360000,3,2,104, dublin-9
Semi-Detached,360000,4,3,118, dublin-24
Semi-Detached,360000,3,1,118, dublin-22
End of Terrace House,360000,3,1,90.31, dublin-15
Semi-Detached,360000,2,2,80, dublin-4
Apartment,360000,2,2,76.8, dublin-4
Terraced,360000,3,1,73, dublin-7
Terraced,360000,2,1,65.34, dublin-8
End of Terrace House,360000,2,1,66, dublin-14
Terraced,360000,2,1,55.66, dublin-8
Terraced,360000,4,4,129, dublin-9
Terraced,360000,4,3,110.2, dublin-24
Apartment,360000,2,2,76, dublin-4
Apartment,360000,2,2,66, dublin-3
Semi-Detached,359950,3,3,102.2, dublin-15
Semi-Detached,355000,2,3,100, dublin-3
Terraced,355000,3,1,95.42, dublin-8
Apartment,355000,2,2,72, dublin-1
Terraced,355000,2,1,64.9, dublin-12
Semi-Detached,355000,4,3,125, dublin-15
Semi-Detached,355000,3,2,100, dublin-3
Terraced,355000,3,1,100, dublin-9
Semi-Detached,350000,4,2,126, dublin-13
Apartment,350000,3,3,119.6, dublin-1
Terraced,350000,3,3,143, dublin-15
Detached,350000,4,3,125, dublin-13
Terraced,350000,3,3,94, dublin-14
Terraced,350000,2,1,61, dublin-9
Duplex,350000,3,3,130, dublin-18
End of Terrace House,350000,3,2,95.5, dublin-7
Terraced,350000,3,1,79, dublin-6w
Apartment,350000,1,1,55.7, dublin-4
Semi-Detached,350000,4,3,148.65, dublin-15
Semi-Detached,350000,4,3,142, dublin-13
Detached,350000,4,3,116, dublin-13
Semi-Detached,350000,4,3,113.53, dublin-12
Apartment,350000,2,2,88, dublin-2
Terraced,350000,2,3,348, dublin-1
Terraced,350000,3,2,348, dublin-1
Semi-Detached,350000,4,3,120.77, dublin-15
Detached,350000,5,2,159.8, dublin-24
Townhouse,350000,4,2,87, dublin-4
Terraced,350000,3,2,86, dublin-11
Duplex,350000,3,3,85, dublin-9
Terraced,350000,3,1,111.5, dublin-11
Semi-Detached,350000,3,1,108, dublin-5
Semi-Detached,350000,3,1,105, dublin-9
Terraced,350000,3,2,81.3, dublin-4
Terraced,350000,3,1,99, dublin-3
Terraced,350000,3,1,91, dublin-9
Terraced,350000,3,1,88, dublin-5
Semi-Detached,350000,3,1,111, dublin-5
Semi-Detached,350000,3,1,110, dublin-13
Terraced,350000,3,2,99.04, dublin-12
Semi-Detached,350000,3,1,99, dublin-5
Terraced,350000,2,1,84, dublin-7
Semi-Detached,350000,2,1,74.3, dublin-14
Apartment,350000,2,1,60, dublin-4
Semi-Detached,350000,3,1,102.2, dublin-16
Bungalow,350000,3,1,100, dublin-12
Terraced,350000,2,1,88.6, dublin-8
Terraced,350000,3,1,73.4, dublin-8
Townhouse,350000,6,6,1788, dublin-7
Terraced,350000,6,6,166.1, dublin-7
Terraced,350000,4,3,125.4, dublin-24
Detached,350000,3,1,102.01, dublin-6
Semi-Detached,350000,4,1,99, dublin-5
Semi-Detached,350000,3,1,92, dublin-15
Terraced,350000,2,1,90, dublin-8
Terraced,350000,3,1,87.4, dublin-3
Detached,350000,3,1,78.97, dublin-6
Apartment,350000,2,1,71, dublin-14
End of Terrace House,349950,4,3,175, dublin-10
Terraced,349950,3,1,106.8, dublin-9
Detached,349950,4,1,105, dublin-22
Semi-Detached,349000,3,1,90, dublin-9
Semi-Detached,349000,5,4,139.35, dublin-15
End of Terrace House,349000,4,3,148, dublin-7
Terraced,349000,3,1,79, dublin-12
Terraced,348000,3,1,94, dublin-18
Semi-Detached,348000,3,1,103.3, dublin-9
Apartment,345000,2,2,83.6, dublin-16
Terraced,345000,2,1,59, dublin-7
Apartment,345000,2,2,85, dublin-18
Apartment,345000,2,2,72, dublin-9
Semi-Detached,345000,3,2,115.7, dublin-15
Apartment,345000,2,1,64, dublin-6
Apartment,345000,2,1,64, dublin-6
Semi-Detached,345000,4,2,125, dublin-5
End of Terrace House,345000,3,1,84.7, dublin-15
Terraced,345000,2,2,77, dublin-7
Terraced,345000,3,1,85, dublin-3
Semi-Detached,345000,3,1,80, dublin-9
Apartment,345000,2,1,63, dublin-2
End of Terrace House,345000,2,1,63, dublin-12
Apartment,345000,2,2,70, dublin-8
Townhouse,344950,3,2,102, dublin-18
Semi-Detached,344950,4,2,12, dublin-15
Apartment,340000,2,1,60, dublin-8
Semi-Detached,340000,5,3,175.7, dublin-13
Detached,340000,4,1,102.193, dublin-13
Semi-Detached,340000,3,2,87, dublin-9
Terraced,340000,3,1,85, dublin-7
Semi-Detached,340000,4,2,96, dublin-9
End of Terrace House,340000,2,1,59, dublin-8
Terraced,340000,3,1,88, dublin-5
Townhouse,340000,2,2,66.3, dublin-4
Terraced,340000,3,1,78, dublin-6w
Semi-Detached,340000,3,1,115, dublin-11
End of Terrace House,340000,3,2,90, dublin-9
Terraced,340000,4,4,218, dublin-7
Semi-Detached,340000,4,2,125, dublin-15
Semi-Detached,340000,3,2,121.4, dublin-13
Apartment,340000,3,2,120, dublin-3
Duplex,340000,3,3,96, dublin-16
Apartment,340000,2,2,84, dublin-14
Apartment,340000,2,2,78.9676, dublin-14
Detached,335000,4,3,118, dublin-24
End of Terrace House,335000,4,3,150, dublin-24
Semi-Detached,335000,5,3,144.6, dublin-13
Terraced,335000,3,1,81, dublin-9
Terraced,335000,3,2,101, dublin-5
Terraced,335000,2,1,70, dublin-7
Terraced,335000,3,1,65, dublin-4
Duplex,335000,2,2,60, dublin-6
Terraced,335000,7,3,180, dublin-8
Terraced,335000,3,1,130, dublin-12
Terraced,335000,3,1,85, dublin-18
Apartment,335000,2,2,73.02, dublin-2
Apartment,335000,2,1,65, dublin-4
Apartment,335000,2,2,63.2, dublin-4
Apartment,330000,2,2,84, dublin-16
Semi-Detached,330000,4,3,139.4, dublin-15
Semi-Detached,330000,4,3,115, dublin-15
Terraced,330000,3,1,99, dublin-7
Terraced,330000,2,1,67, dublin-18
Terraced,330000,3,1,87, dublin-5
Apartment,330000,2,2,79.7, dublin-14
Terraced,330000,3,1,75, dublin-5
Terraced,330000,2,1,81.73, dublin-8
Apartment,330000,2,2,75, dublin-9
Terraced,330000,3,1,85, dublin-3
End of Terrace House,330000,4,4,109, dublin-6w
Terraced,330000,3,1,90, dublin-7
Bungalow,330000,3,2,55, dublin-6
Semi-Detached,330000,4,3,130, dublin-15
Semi-Detached,330000,3,2,120.8, dublin-9
Semi-Detached,330000,3,2,95.2, dublin-9
Semi-Detached,330000,3,2,95, dublin-15
Terraced,330000,3,1,82, dublin-3
Terraced,329000,3,1,116, dublin-12
Duplex,326000,3,2,129, dublin-15
Duplex,325000,3,3,111.5, dublin-16
Apartment,325000,2,2,84, dublin-2
Apartment,325000,2,2,84, dublin-8
End of Terrace House,325000,3,2,107.8, dublin-12
Duplex,325000,3,3,101, dublin-18
Detached,325000,5,4,154.52, dublin-11
Semi-Detached,325000,2,2,63, dublin-9
Apartment,325000,2,1,68, dublin-18
Semi-Detached,325000,4,2,95, dublin-9
Townhouse,325000,2,2,69.7, dublin-4
Semi-Detached,325000,3,1,100.96, dublin-9
Terraced,325000,3,1,98, dublin-9
Apartment,325000,2,1,95.2, dublin-14
Terraced,325000,2,2,70, dublin-9
Apartment,325000,2,1,58, dublin-4
Semi-Detached,325000,2,1,81, dublin-5
Terraced,325000,2,1,61, dublin-9
Terraced,325000,3,1,60, dublin-14
End of Terrace House,325000,3,1,88.3, dublin-14
Terraced,325000,3,1,75, dublin-8
Semi-Detached,325000,4,4,190, dublin-11
Semi-Detached,325000,4,3,122, dublin-13
Detached,325000,3,3,112, dublin-13
Duplex,325000,3,3,111.5, dublin-16
Terraced,325000,3,1,98, dublin-7
Terraced,325000,3,1,86.4, dublin-7
Terraced,325000,3,2,80, dublin-12
Apartment,325000,2,2,70, dublin-4
Apartment,320000,2,1,58.3, dublin-4
End of Terrace House,320000,4,3,156.6, dublin-11
Apartment,320000,3,2,93, dublin-15
Townhouse,320000,3,3,120.8, dublin-15
Apartment,320000,3,3,95, dublin-18
Semi-Detached,320000,4,3,134, dublin-15
Semi-Detached,320000,4,3,124.5, dublin-24
Apartment,320000,2,1,63.9, dublin-4
Semi-Detached,320000,4,3,128.7, dublin-20
Semi-Detached,320000,3,2,93, dublin-7
Semi-Detached,320000,3,2,112, dublin-9
Apartment,320000,2,2,80, dublin-16
Semi-Detached,320000,3,2,117, dublin-13
Semi-Detached,320000,4,2,105.5, dublin-9
Semi-Detached,320000,3,1,96, dublin-9
Bungalow,320000,3,1,81, dublin-13
Semi-Detached,320000,3,1,70.51, dublin-7
Terraced,320000,2,1,70, dublin-7
Semi-Detached,320000,4,3,132, dublin-15
Terraced,320000,3,2,132, dublin-9
Terraced,320000,4,2,130.1, dublin-7
Terraced,320000,3,2,96, dublin-13
Terraced,320000,3,2,85, dublin-14
Apartment,320000,3,1,79, dublin-2
Apartment,320000,2,2,70.6, dublin-1
End of Terrace House,320000,3,1,68.1, dublin-8
Semi-Detached,319950,4,3,137.24, dublin-15
Detached,319950,3,3,120.8, dublin-13
Terraced,319000,3,2,90, dublin-20
Terraced,318000,2,1,66, dublin-9
Semi-Detached,315000,4,3,1270, dublin-24
Apartment,315000,2,2,73, dublin-8
Apartment,315000,2,2,114, dublin-8
Detached,315000,3,3,98, dublin-24
Semi-Detached,315000,3,1,95, dublin-5
Apartment,315000,2,2,65, dublin-14
Apartment,315000,2,1,58, dublin-4
End of Terrace House,315000,3,2,102.7, dublin-5
Semi-Detached,315000,3,1,92, dublin-5
Apartment,315000,2,1,71, dublin-14
Semi-Detached,315000,4,2,120, dublin-24
Terraced,315000,3,1,95, dublin-7
Apartment,315000,2,1,54, dublin-4
Terraced,315000,4,3,151, dublin-13
Apartment,315000,2,1,50, dublin-2
Duplex,310000,3,3,111.5, dublin-16
Terraced,310000,4,3,138, dublin-13
Apartment,310000,2,2,80, dublin-18
Terraced,310000,3,2,120, dublin-15
Apartment,310000,2,2,82.5, dublin-16
Apartment,310000,2,1,65, dublin-3
Semi-Detached,310000,3,3,102, dublin-24
Semi-Detached,310000,3,1,82, dublin-9
Apartment,310000,2,1,63, dublin-1
Apartment,310000,2,1,55, dublin-2
End of Terrace House,310000,3,1,75, dublin-13
Terraced,310000,3,3,105, dublin-7
Terraced,310000,3,1,118, dublin-7
Terraced,310000,3,2,116, dublin-3
Terraced,310000,2,1,72.6, dublin-6
End of Terrace House,310000,3,1,125, dublin-4
Duplex,310000,3,3,111.5, dublin-14
Terraced,310000,3,1,84.2, dublin-9
Detached,309950,3,1,102.2, dublin-11
Apartment,308000,2,2,80, dublin-18
Apartment,305000,2,2,875, dublin-18
Apartment,305000,1,1,53, dublin-4
Apartment,305000,3,3,87.8, dublin-2
Semi-Detached,305000,3,1,93, dublin-5
Semi-Detached,304950,4,3,120, dublin-24
Apartment,300000,2,1,70, dublin-20
Apartment,300000,2,2,82, dublin-15
Apartment,300000,2,1,65, dublin-3
Semi-Detached,300000,4,3,114, dublin-15
Semi-Detached,300000,4,3,110, dublin-15
Semi-Detached,300000,3,2,101, dublin-15
Semi-Detached,300000,2,1,100, dublin-12
Apartment,300000,2,1,61, dublin-2
Apartment,300000,1,1,50, dublin-6
Apartment,300000,1,1,45, dublin-2
Semi-Detached,300000,3,1,93, dublin-5
Semi-Detached,300000,4,2,87.9, dublin-9
Apartment,300000,1,1,55, dublin-6
Apartment,300000,2,1,87, dublin-1
End of Terrace House,300000,3,1,84, dublin-18
Terraced,300000,3,1,84, dublin-11
Terraced,300000,3,2,78, dublin-9
Terraced,300000,2,1,55, dublin-13
Semi-Detached,300000,4,2,119.1, dublin-24
Semi-Detached,300000,3,2,102, dublin-9
Terraced,300000,3,1,87.7, dublin-3
Apartment,300000,2,2,70, dublin-9
Terraced,300000,2,1,59, dublin-7
Terraced,300000,3,2,97, dublin-9
Terraced,300000,3,1,93, dublin-9
Semi-Detached,300000,3,1,106.8, dublin-24
End of Terrace House,300000,2,1,84.5, dublin-14
Terraced,300000,3,1,72, dublin-6w
Semi-Detached,300000,4,3,125.4, dublin-15
Semi-Detached,300000,3,2,91, dublin-9
Apartment,300000,2,1,58.7, dublin-3
Apartment,300000,2,1,50, dublin-3
Apartment,300000,2,1,5.3, dublin-4
Detached,299950,4,2,230, dublin-22
End of Terrace House,299950,5,4,157.9, dublin-11
Semi-Detached,299950,4,2,109.67, dublin-15
Apartment,299950,1,1,53, dublin-4
Terraced,299950,3,3,107, dublin-16
Apartment,299950,2,2,85, dublin-18
Semi-Detached,299000,3,2,115, dublin-15
Apartment,299000,2,2,75.1, dublin-14
Semi-Detached,299000,3,1,84, dublin-13
Semi-Detached,299000,3,1,95, dublin-5
Semi-Detached,299000,3,1,80, dublin-13
Semi-Detached,299000,4,2,146, dublin-22
Terraced,299000,4,3,140, dublin-13
Semi-Detached,297500,3,2,112, dublin-14
Apartment,295000,2,2,78.5, dublin-14
Duplex,295000,4,4,145.9, dublin-22
Terraced,295000,4,3,144, dublin-13
Apartment,295000,2,2,83, dublin-15
Apartment,295000,2,2,75, dublin-18
Apartment,295000,2,2,74.76, dublin-18
Duplex,295000,2,2,73, dublin-15
Semi-Detached,295000,3,3,112.13, dublin-15
Duplex,295000,3,3,86, dublin-18
Apartment,295000,2,1,80, dublin-7
Apartment,295000,2,2,72, dublin-18
Apartment,295000,2,2,71, dublin-16
Apartment,295000,1,1,62, dublin-4
End of Terrace House,295000,3,3,125.4, dublin-24
Apartment,295000,2,1,83, dublin-15
Apartment,295000,2,2,70, dublin-9
Apartment,295000,2,2,69, dublin-18
Duplex,295000,2,1,68, dublin-20
Apartment,295000,2,1,65, dublin-15
Apartment,295000,2,1,53, dublin-3
Terraced,295000,3,2,91, dublin-20
Apartment,295000,2,2,74.1, dublin-18
Semi-Detached,295000,3,2,129, dublin-11
Terraced,295000,3,1,90, dublin-7
Semi-Detached,295000,3,1,89.3, dublin-11
Apartment,295000,3,1,89, dublin-7
Townhouse,295000,3,2,81, dublin-20
Terraced,295000,3,2,73, dublin-13
Apartment,295000,2,1,66, dublin-3
Apartment,295000,2,2,58, dublin-14
Apartment,295000,1,1,43, dublin-4
Semi-Detached,295000,4,3,120, dublin-15
Semi-Detached,295000,4,2,110, dublin-11
Detached,295000,4,2,108, dublin-24
End of Terrace House,295000,4,1,92, dublin-11
End of Terrace House,295000,3,1,85, dublin-7
End of Terrace House,295000,2,1,58, dublin-3
End of Terrace House,295000,2,1,54, dublin-7
Apartment,295000,2,1,53, dublin-4
Apartment,295000,2,1,47, dublin-2
Detached,295000,4,3,100.11, dublin-20
Apartment,295000,2,1,65, dublin-9
Terraced,295000,3,3,120, dublin-3
Semi-Detached,295000,3,1,108, dublin-3
End of Terrace House,295000,3,2,107.2, dublin-5
End of Terrace House,295000,3,1,91, dublin-9
Terraced,295000,2,1,86, dublin-9
Duplex,295000,3,2,84.9, dublin-9
Semi-Detached,295000,3,1,78, dublin-9
Semi-Detached,295000,3,2,124, dublin-9
Semi-Detached,295000,3,1,108, dublin-11
Apartment,295000,2,1,56, dublin-3
End of Terrace House,295000,2,1,46.5, dublin-2
Detached,295000,3,1,100, dublin-22
End of Terrace House,295000,3,1,93, dublin-5
Terraced,295000,2,1,80.8, dublin-9
Semi-Detached,295000,2,1,77, dublin-18
Semi-Detached,295000,3,1,67, dublin-5
Semi-Detached,295000,2,1,64.8, dublin-9
Apartment,295000,2,1,53, dublin-2
Terraced,295000,4,2,1200, dublin-7
End of Terrace House,295000,5,1,139.4, dublin-20
Semi-Detached,295000,3,1,110, dublin-24
Terraced,295000,4,2,103, dublin-3
End of Terrace House,295000,3,1,86, dublin-13
Detached,295000,2,1,70.98, dublin-14
Terraced,290000,3,3,116.1, dublin-24
Apartment,290000,2,2,83.6, dublin-15
Apartment,290000,3,3,83, dublin-18
Terraced,290000,3,1,99, dublin-20
End of Terrace House,290000,2,2,94, dublin-18
Apartment,290000,2,2,85, dublin-14
Apartment,290000,2,2,77.5, dublin-9
Apartment,290000,2,2,75, dublin-18
Terraced,290000,3,1,85, dublin-13
Apartment,290000,1,1,51, dublin-2
Apartment,290000,3,3,88, dublin-15
Terraced,290000,4,2,79, dublin-1
Terraced,289950,3,1,89, dublin-20
Detached,289500,4,2,111.5, dublin-24
Apartment,289000,1,1,49, dublin-2
Semi-Detached,289000,4,2,108, dublin-9
Semi-Detached,285000,3,2,100, dublin-13
Apartment,285000,2,2,71, dublin-14
Terraced,285000,3,3,116.1, dublin-24
Apartment,285000,2,2,76.5, dublin-8
Apartment,285000,2,2,76, dublin-16
Apartment,285000,2,2,65, dublin-18
Apartment,285000,1,1,49, dublin-4
Semi-Detached,285000,4,1,107, dublin-15
Terraced,285000,3,3,91.9, dublin-15
Detached,285000,2,1,74, dublin-9
Semi-Detached,285000,4,3,124.49, dublin-15
Semi-Detached,285000,4,3,112, dublin-15
Detached,285000,3,1,90, dublin-13
Semi-Detached,285000,3,3,115, dublin-17
End of Terrace House,285000,3,2,99, dublin-8
Semi-Detached,285000,3,1,102, dublin-9
Semi-Detached,285000,3,1,79.9, dublin-24
Semi-Detached,285000,3,3,100, dublin-9
Apartment,285000,2,1,53, dublin-4
Semi-Detached,285000,3,1,96.7, dublin-24
End of Terrace House,285000,2,1,65, dublin-3
Apartment,285000,2,1,60, dublin-13
Semi-Detached,285000,3,1,83.6, dublin-12
Semi-Detached,285000,2,1,70, dublin-5
Semi-Detached,285000,4,1,114, dublin-9
End of Terrace House,285000,4,1,130, dublin-13
Semi-Detached,285000,3,3,92.9, dublin-24
Terraced,285000,3,3,90.1, dublin-24
End of Terrace House,285000,3,1,80, dublin-13
Terraced,285000,2,1,78.6, dublin-7
Apartment,285000,3,1,74.3, dublin-7
Semi-Detached,284950,3,3,93.24, dublin-15
Terraced,284950,4,3,130.1, dublin-13
Terraced,280000,4,4,146, dublin-13
Detached,280000,4,3,136, dublin-15
Semi-Detached,280000,3,2,92, dublin-13
Apartment,280000,3,2,83, dublin-18
Apartment,280000,2,2,69.1, dublin-9
Apartment,280000,2,1,62.9, dublin-18
Apartment,280000,2,1,59, dublin-2
Semi-Detached,280000,3,3,95, dublin-15
Terraced,280000,4,1,65, dublin-8
Semi-Detached,280000,3,2,116, dublin-8
Semi-Detached,280000,3,1,83, dublin-7
Terraced,280000,2,1,58, dublin-4
Terraced,280000,6,6,113, dublin-3
Semi-Detached,280000,4,2,104, dublin-12
Detached,280000,2,1,76.7, dublin-3
Terraced,280000,3,1,90, dublin-5
Apartment,280000,2,2,76, dublin-18
Apartment,280000,1,1,75, dublin-4
Apartment,280000,2,2,67.7, dublin-7
Apartment,280000,1,1,45, dublin-2
Apartment,279950,2,2,70.6, dublin-18
Detached,279950,4,3,179, dublin-24
Apartment,279950,2,2,78, dublin-18
Apartment,279950,2,2,78, dublin-16
Terraced,279500,3,1,83.6, dublin-11
Apartment,279000,2,2,84, dublin-15
End of Terrace House,279000,3,1,101.6, dublin-12
Semi-Detached,279000,2,2,85, dublin-9
Terraced,275000,3,3,116, dublin-11
Semi-Detached,275000,3,3,108, dublin-24
End of Terrace House,275000,3,3,104, dublin-24
Semi-Detached,275000,3,3,104, dublin-24
Terraced,275000,4,4,128.2, dublin-13
Terraced,275000,5,3,140, dublin-11
Apartment,275000,2,2,86, dublin-18
Apartment,275000,1,2,75, dublin-16
Apartment,275000,2,2,67, dublin-18
Apartment,275000,2,2,67, dublin-5
Semi-Detached,275000,4,2,130.1, dublin-13
Duplex,275000,3,2,102.193, dublin-20
Terraced,275000,3,3,101, dublin-13
Apartment,275000,2,2,72.2, dublin-1
Semi-Detached,275000,4,2,120, dublin-15
Semi-Detached,275000,3,3,92, dublin-15
Terraced,275000,2,3,74, dublin-15
Semi-Detached,275000,3,3,101, dublin-15
Apartment,275000,3,2,100.1, dublin-8
Terraced,275000,3,2,97.5482, dublin-24
Semi-Detached,275000,3,1,96, dublin-13
Apartment,275000,2,1,69.7, dublin-2
Duplex,275000,2,1,50, dublin-4
Semi-Detached,275000,3,3,90, dublin-9
End of Terrace House,275000,3,2,85, dublin-9
Apartment,275000,2,1,64, dublin-8
Semi-Detached,275000,4,2,96.2, dublin-3
Semi-Detached,275000,3,1,90, dublin-13
Semi-Detached,275000,2,1,67.1, dublin-3
Semi-Detached,275000,3,1,105.5, dublin-24
Semi-Detached,275000,3,1,96, dublin-20
Terraced,275000,3,2,91, dublin-3
Terraced,275000,3,1,75, dublin-12
Apartment,275000,2,2,70.3, dublin-9
Semi-Detached,275000,2,2,63, dublin-20
End of Terrace House,274950,3,3,102.2, dublin-13
Semi-Detached,274950,3,2,145.9, dublin-22
Semi-Detached,274950,3,1,92.9, dublin-24
Apartment,270000,3,2,103, dublin-18
Apartment,270000,2,2,74, dublin-15
Apartment,270000,2,2,83, dublin-18
Duplex,270000,3,2,129, dublin-13
Apartment,270000,1,1,55, dublin-4
Apartment,270000,2,1,71, dublin-18
Semi-Detached,270000,3,3,99.8, dublin-15
Bungalow,270000,3,1,74.6, dublin-24
Apartment,270000,1,1,53, dublin-2
Apartment,270000,1,1,51, dublin-2
Semi-Detached,270000,3,1,85.2, dublin-13
Terraced,270000,2,1,71, dublin-7
Terraced,270000,4,2,111, dublin-7
Terraced,270000,3,2,129, dublin-1
Semi-Detached,270000,3,2,110, dublin-22
End of Terrace House,270000,2,1,90, dublin-13
Semi-Detached,270000,3,1,88.9, dublin-15
End of Terrace House,270000,3,1,80, dublin-24
Terraced,269950,3,2,118, dublin-7
End of Terrace House,269950,3,1,102.2, dublin-11
Duplex,269000,3,2,103.5, dublin-15
Terraced,269000,3,1,88, dublin-13
Apartment,269000,2,2,104.96, dublin-18
Semi-Detached,269000,3,2,110, dublin-15
End of Terrace House,269000,3,2,83, dublin-15
Terraced,269000,3,1,85, dublin-7
Apartment,267500,2,1,56, dublin-1
Semi-Detached,267000,3,2,114.88, dublin-13
Terraced,265000,3,2,127, dublin-13
Apartment,265000,2,2,72, dublin-15
Apartment,265000,2,2,68.21, dublin-15
Duplex,265000,2,2,92, dublin-18
Apartment,265000,2,1,62, dublin-5
Semi-Detached,265000,3,1,106, dublin-13
Apartment,265000,2,1,58.91, dublin-2
Bungalow,265000,2,2,56, dublin-3
Terraced,265000,3,1,100, dublin-12
Terraced,265000,3,1,90, dublin-12
Detached,265000,3,2,86, dublin-17
Terraced,265000,2,1,56, dublin-7
Apartment,265000,1,1,42.4, dublin-4
End of Terrace House,265000,2,1,71, dublin-9
Terraced,265000,3,1,142, dublin-7
Semi-Detached,265000,2,1,62, dublin-12
Terraced,265000,2,1,48.57, dublin-6
Semi-Detached,265000,4,3,108, dublin-15
Semi-Detached,265000,3,3,94, dublin-15
Apartment,265000,2,1,70.98, dublin-8
End of Terrace House,265000,2,1,60, dublin-7
Terraced,264950,3,2,92.36, dublin-24
Terraced,264000,4,3,127, dublin-13
Terraced,260000,3,3,108, dublin-24
Apartment,260000,2,2,78.9676, dublin-15
Apartment,260000,2,2,78, dublin-18
Apartment,260000,2,1,78, dublin-18
Apartment,260000,2,2,69, dublin-1
Duplex,260000,3,2,113, dublin-13
Semi-Detached,260000,3,3,101, dublin-15
Apartment,260000,2,1,55, dublin-1
Semi-Detached,260000,3,1,120, dublin-7
Duplex,260000,3,3,84, dublin-9
End of Terrace House,260000,2,1,65, dublin-8
Detached,260000,3,1,76.2, dublin-5
Detached,260000,3,1,120, dublin-24
Terraced,260000,3,1,112, dublin-13
End of Terrace House,260000,3,1,91, dublin-7
Terraced,260000,2,2,56.6, dublin-8
Semi-Detached,260000,3,2,110, dublin-22
Apartment,260000,2,1,57, dublin-4
Semi-Detached,260000,3,2,111.48, dublin-15
Apartment,260000,2,1,527, dublin-2
End of Terrace House,260000,3,1,95, dublin-12
Apartment,260000,1,1,45.2, dublin-4
Semi-Detached,260000,3,3,95, dublin-5
Semi-Detached,260000,2,1,59, dublin-9
Terraced,260000,3,3,113, dublin-13
Duplex,260000,4,2,102, dublin-13
Semi-Detached,260000,3,3,48.4, dublin-15
Terraced,259950,3,1,82, dublin-20
Semi-Detached,259950,4,2,116.1, dublin-11
Semi-Detached,259950,3,2,109, dublin-22
Terraced,259000,3,3,103, dublin-15
Terraced,259000,3,1,73, dublin-3
End of Terrace House,259000,2,1,75, dublin-9
Semi-Detached,258000,3,1,102.8, dublin-5
Detached,258000,2,2,73.1, dublin-13
Terraced,255000,4,3,121, dublin-11
Terraced,255000,3,3,100, dublin-11
Apartment,255000,2,1,63, dublin-8
Apartment,255000,1,1,57, dublin-14
Terraced,255000,4,1,110.42, dublin-8
End of Terrace House,255000,4,2,108, dublin-14
Semi-Detached,255000,3,1,97.5, dublin-12
Terraced,255000,4,3,121, dublin-11
Terraced,255000,3,1,105, dublin-14
Semi-Detached,255000,3,2,94.1, dublin-20
Detached,255000,2,3,94, dublin-11
End of Terrace House,255000,4,1,90.6, dublin-5
Apartment,254950,1,1,57.6, dublin-6
End of Terrace House,250000,3,3,125, dublin-15
Apartment,250000,2,2,65, dublin-16
Apartment,250000,2,2,65, dublin-14
Apartment,250000,2,2,65, dublin-14
End of Terrace House,250000,3,3,105, dublin-11
Apartment,250000,3,2,102.193, dublin-24
Semi-Detached,250000,5,3,150, dublin-15
Apartment,250000,2,2,73, dublin-15
Apartment,250000,3,2,81.7547, dublin-8
Apartment,250000,2,2,79, dublin-3
Apartment,250000,2,2,76.5, dublin-7
Apartment,250000,2,2,76, dublin-18
Semi-Detached,250000,2,1,72, dublin-9
Apartment,250000,2,2,65, dublin-18
Apartment,250000,1,1,48, dublin-2
Semi-Detached,250000,4,4,97, dublin-15
Detached,250000,2,2,79.3, dublin-13
Apartment,250000,2,2,70, dublin-15
Detached,250000,2,2,68, dublin-13
Apartment,250000,2,1,58, dublin-18
End of Terrace House,250000,3,3,108, dublin-11
End of Terrace House,250000,3,1,87, dublin-13
Apartment,250000,4,4,80, dublin-9
Apartment,250000,2,2,65, dublin-18
Apartment,250000,1,1,56.63, dublin-7
Semi-Detached,250000,4,2,112, dublin-15
Semi-Detached,250000,3,1,100, dublin-13
End of Terrace House,250000,3,1,89.2, dublin-10
Apartment,250000,2,2,72, dublin-15
Apartment,250000,1,1,38.62, dublin-4
Apartment,250000,2,2,81.5, dublin-8
Terraced,250000,3,2,83.5, dublin-7
Apartment,250000,1,1,38, dublin-6
Semi-Detached,250000,3,1,94, dublin-17
Semi-Detached,250000,3,1,98.9, dublin-15
Semi-Detached,250000,3,1,87, dublin-22
Semi-Detached,250000,3,1,86, dublin-9
End of Terrace House,250000,2,1,76, dublin-5
Terraced,250000,2,1,45, dublin-7
Terraced,250000,6,6,177.4, dublin-1
Detached,250000,3,2,111.5, dublin-12
Terraced,250000,3,2,111.484, dublin-12
End of Terrace House,250000,4,3,110, dublin-7
Duplex,250000,3,2,101, dublin-13
Apartment,250000,3,2,95, dublin-24
Townhouse,250000,3,2,94.9, dublin-3
Terraced,250000,4,1,89, dublin-7
Apartment,250000,2,2,67, dublin-22
Terraced,250000,3,1,66.7, dublin-9
Detached,250000,1,1,65, dublin-3
Apartment,250000,2,1,64, dublin-1
Semi-Detached,250000,2,1,62.3, dublin-9
Apartment,250000,2,1,60, dublin-2
Bungalow,250000,3,1,58.5, dublin-9
Apartment,249950,2,2,69.7, dublin-18
Terraced,249950,3,2,88.3, dublin-7
Semi-Detached,249950,3,1,85, dublin-22
Terraced,249950,4,3,106, dublin-8
Terraced,249950,3,1,104.5, dublin-12
Terraced,249000,2,2,85.7, dublin-15
Apartment,249000,2,2,96, dublin-15
Apartment,249000,2,1,57, dublin-6
Semi-Detached,249000,3,2,90, dublin-15
End of Terrace House,249000,4,2,96, dublin-11
Apartment,249000,2,2,62, dublin-3
Terraced,249000,3,2,123, dublin-15
Terraced,249000,3,1,80, dublin-8
Terraced,249000,2,1,79, dublin-9
Semi-Detached,249000,3,1,93, dublin-24
Apartment,249000,2,2,81.3, dublin-18
Apartment,249000,2,1,65, dublin-9
Apartment,248000,2,1,70, dublin-4
Apartment,247000,2,2,70.6, dublin-18
Semi-Detached,247000,3,2,110, dublin-3
End of Terrace House,245000,3,2,109.6, dublin-11
End of Terrace House,245000,3,3,105, dublin-15
Apartment,245000,2,2,74.3, dublin-1
Semi-Detached,245000,3,3,91.5, dublin-15
Semi-Detached,245000,3,1,90, dublin-17
Apartment,245000,2,2,77.6, dublin-9
Apartment,245000,2,1,59, dublin-1
Apartment,245000,2,1,51, dublin-2
Apartment,245000,2,1,70, dublin-18
Detached,245000,1,1,50, dublin-3
Terraced,245000,3,1,89, dublin-8
Apartment,245000,2,1,56, dublin-1
Semi-Detached,245000,4,1,108.4, dublin-5
Apartment,245000,2,1,70, dublin-8
Semi-Detached,240000,3,2,111.5, dublin-11
Duplex,240000,3,3,106.8, dublin-13
Apartment,240000,2,2,69, dublin-15
Apartment,240000,2,2,65, dublin-14
Apartment,240000,2,1,67, dublin-18
Apartment,240000,2,1,56, dublin-7
Semi-Detached,240000,3,2,85, dublin-15
Apartment,240000,2,2,62, dublin-15
Apartment,240000,2,1,54, dublin-2
Semi-Detached,240000,3,1,88.3, dublin-22
Apartment,240000,2,2,74.32, dublin-24
Terraced,240000,3,2,91.34, dublin-12
Apartment,240000,2,1,67, dublin-7
Apartment,240000,2,1,56, dublin-1
End of Terrace House,240000,3,2,110, dublin-22
Semi-Detached,240000,3,1,95, dublin-11
Terraced,240000,2,1,74, dublin-5
Terraced,240000,3,1,72, dublin-9
Semi-Detached,240000,2,1,60, dublin-3
End of Terrace House,240000,3,3,95, dublin-15
Semi-Detached,240000,3,2,91.27, dublin-12
Apartment,240000,2,3,84, dublin-18
Terraced,240000,2,1,69.4, dublin-6
Terraced,239999,3,1,90, dublin-13
End of Terrace House,239950,3,2,118.9, dublin-11
Bungalow,239950,2,2,82.78, dublin-20
End of Terrace House,239000,2,1,74, dublin-9
Apartment,239000,1,1,54, dublin-2
Apartment,239000,2,1,83.6, dublin-16
Detached,239000,3,1,83, dublin-22
Detached,239000,3,1,83, dublin-22
Detached,239000,2,2,70, dublin-7
Apartment,238000,1,1,45.5, dublin-3
End of Terrace House,235000,3,2,111.5, dublin-11
Terraced,235000,3,2,111.5, dublin-11
Apartment,235000,3,2,134, dublin-15
Terraced,235000,3,2,104, dublin-15
Terraced,235000,3,3,102, dublin-15
Townhouse,235000,3,3,100, dublin-11
Townhouse,235000,3,3,100, dublin-11
Apartment,235000,2,1,66, dublin-13
Apartment,235000,2,1,69, dublin-7
Apartment,235000,2,1,60, dublin-1
Semi-Detached,235000,3,2,101.37, dublin-15
Duplex,235000,2,2,67, dublin-15
Terraced,235000,2,1,66, dublin-8
Terraced,235000,2,1,64, dublin-7
Townhouse,235000,2,1,54.8, dublin-20
Apartment,235000,1,1,44, dublin-4
Terraced,235000,2,1,73.8, dublin-7
Apartment,235000,2,1,69, dublin-8
Terraced,235000,2,1,56, dublin-13
Apartment,235000,2,1,42.3, dublin-7
Terraced,235000,2,1,84, dublin-7
Terraced,235000,3,1,67, dublin-7
Apartment,235000,1,1,48.3, dublin-14
Semi-Detached,235000,2,1,90, dublin-9
Apartment,235000,2,2,68, dublin-18
Apartment,235000,2,2,67.4, dublin-15
Apartment,235000,1,1,52, dublin-1
Apartment,235000,2,1,47.6, dublin-2
Apartment,232000,2,1,60, dublin-18
Duplex,230000,3,2,111, dublin-13
Duplex,230000,3,2,110.3, dublin-13
Apartment,230000,2,2,71.52, dublin-15
Apartment,230000,3,1,83, dublin-15
Apartment,230000,2,2,80, dublin-18
Apartment,230000,2,2,74, dublin-8
Apartment,230000,2,1,70, dublin-15
Apartment,230000,2,2,67, dublin-15
Semi-Detached,230000,3,2,100, dublin-15
Apartment,230000,2,2,69.62, dublin-15
Apartment,230000,1,1,44, dublin-18
Semi-Detached,230000,3,1,93, dublin-15
Apartment,230000,2,1,86, dublin-18
Apartment,230000,2,2,73, dublin-15
Apartment,230000,2,2,69.2, dublin-14
Apartment,230000,2,2,70.23, dublin-1
End of Terrace House,230000,4,3,120.8, dublin-15
Apartment,230000,3,2,100, dublin-13
Semi-Detached,230000,3,1,97, dublin-12
End of Terrace House,230000,2,1,76.6, dublin-8
Apartment,230000,1,1,41, dublin-6
Terraced,229950,3,1,77.6, dublin-12
Bungalow,229950,3,1,57, dublin-20
Semi-Detached,229000,3,2,109, dublin-15
Detached,229000,3,1,97, dublin-15
Semi-Detached,229000,4,3,111.5, dublin-24
Apartment,227000,2,2,84, dublin-9
Duplex,225000,3,3,123, dublin-15
Duplex,225000,3,3,112.1, dublin-15
Terraced,225000,3,3,99.07, dublin-11
Terraced,225000,3,2,103.33, dublin-15
Apartment,225000,2,2,75, dublin-1
Terraced,225000,2,2,73, dublin-13
Apartment,225000,2,1,57, dublin-6
Duplex,225000,2,2,78, dublin-24
Apartment,225000,2,1,59, dublin-8
Apartment,225000,2,2,73, dublin-15
Apartment,225000,2,1,51, dublin-9
Apartment,225000,2,2,72, dublin-7
Terraced,225000,2,1,59, dublin-3
Apartment,225000,1,1,37, dublin-4
Terraced,225000,3,1,92, dublin-7
Detached,225000,7,4,210.6, dublin-14
Terraced,225000,3,1,84.1, dublin-12
End of Terrace House,225000,2,3,101, dublin-13
Apartment,225000,2,2,90, dublin-11
Apartment,225000,3,1,90, dublin-8
Apartment,225000,2,1,80, dublin-9
Terraced,225000,3,1,80, dublin-8
Terraced,225000,3,1,68.8, dublin-5
Apartment,225000,2,2,57, dublin-14
Apartment,224950,2,2,70.58, dublin-18
End of Terrace House,224950,4,2,116, dublin-12
Semi-Detached,224950,3,1,56, dublin-20
Terraced,224950,3,3,102.007, dublin-22
Semi-Detached,224950,3,1,96.2, dublin-22
Terraced,224500,3,1,76, dublin-7
Terraced,224500,2,1,55, dublin-9
Apartment,220000,2,2,66, dublin-18
Duplex,220000,3,2,98, dublin-13
Terraced,220000,4,3,125, dublin-15
Apartment,220000,2,1,79, dublin-7
Terraced,220000,2,1,76, dublin-12
Apartment,220000,2,1,67.1, dublin-9
Apartment,220000,1,1,57.1, dublin-18
Terraced,220000,3,3,97, dublin-22
Terraced,220000,2,1,65, dublin-9
Apartment,220000,2,1,48, dublin-7
Apartment,220000,2,1,45, dublin-2
Apartment,220000,2,1,69, dublin-7
Apartment,220000,2,2,58, dublin-8
Apartment,220000,2,1,52.5, dublin-7
Duplex,220000,2,2,872, dublin-9
Terraced,220000,3,1,111, dublin-5
Terraced,220000,2,1,65.1, dublin-8
Apartment,220000,2,1,60, dublin-1
Semi-Detached,220000,3,1,87.5, dublin-15
Terraced,220000,3,1,73, dublin-16
Terraced,220000,2,1,62, dublin-8
Terraced,220000,1,1,32.99, dublin-6w
Apartment,220000,2,2,71.5, dublin-8
Semi-Detached,220000,3,3,95, dublin-15
Terraced,220000,3,1,84, dublin-12
Semi-Detached,220000,3,2,83.4, dublin-22
Apartment,220000,3,1,77, dublin-13
Apartment,220000,2,1,65, dublin-2
Townhouse,220000,2,1,65, dublin-7
Apartment,220000,2,1,58, dublin-7
Apartment,220000,2,1,55, dublin-8
Apartment,220000,2,1,52, dublin-8
Apartment,220000,1,1,48, dublin-3
Apartment,219950,2,1,55, dublin-7
End of Terrace House,219950,4,2,150, dublin-22
Apartment,219950,2,1,57, dublin-7
Apartment,219500,2,1,63, dublin-3
End of Terrace House,219000,3,2,103, dublin-15
Terraced,219000,2,2,97, dublin-7
Terraced,219000,3,1,70.2, dublin-13
Apartment,218000,2,2,80.8, dublin-13
Semi-Detached,218000,2,2,78, dublin-7
End of Terrace House,218000,3,1,76.6, dublin-17
End of Terrace House,217000,2,2,102, dublin-15
Apartment,215000,2,2,61, dublin-8
Terraced,215000,3,1,90, dublin-12
Terraced,215000,3,1,74.3, dublin-17
Bungalow,215000,3,1,69, dublin-15
End of Terrace House,215000,3,1,97, dublin-5
Terraced,215000,2,1,70, dublin-3
End of Terrace House,215000,2,1,70, dublin-5
End of Terrace House,215000,2,1,45.12, dublin-7
Terraced,215000,1,1,40.85, dublin-7
Apartment,215000,1,1,60.4, dublin-1
Apartment,210000,3,2,97.1, dublin-13
Apartment,210000,1,1,39, dublin-1
Terraced,210000,2,1,65, dublin-9
Terraced,210000,3,2,104, dublin-7
Apartment,210000,1,1,44, dublin-4
Apartment,210000,1,1,42, dublin-3
Terraced,210000,3,1,77.9, dublin-11
Terraced,210000,3,1,81.58, dublin-12
End of Terrace House,210000,3,1,81, dublin-12
Semi-Detached,210000,3,1,80, dublin-15
Apartment,209950,2,2,65, dublin-15
Duplex,205000,2,1,82, dublin-15
End of Terrace House,205000,2,1,66, dublin-15
Apartment,205000,1,1,41, dublin-2
Apartment,205000,1,1,31.56, dublin-1
End of Terrace House,205000,3,1,60, dublin-3
Apartment,200000,2,1,82, dublin-15
Apartment,200000,2,2,75, dublin-15
End of Terrace House,200000,3,2,78, dublin-24
Apartment,200000,2,1,59, dublin-12
Apartment,200000,2,2,56, dublin-15
Apartment,200000,2,1,67.4, dublin-8
Bungalow,200000,2,1,64, dublin-11
Apartment,200000,1,1,39, dublin-6
Terraced,200000,2,1,64, dublin-12
End of Terrace House,200000,2,1,40, dublin-1
Terraced,200000,2,1,40, dublin-1
End of Terrace House,200000,3,2,80.1, dublin-1
Terraced,200000,2,1,73.3, dublin-12
Terraced,200000,3,1,73, dublin-8
Apartment,200000,2,2,70.8, dublin-9
Apartment,200000,2,1,63, dublin-7
Apartment,200000,2,1,51, dublin-8
Terraced,200000,2,1,43, dublin-7
Terraced,199950,3,3,108.36, dublin-15
Semi-Detached,199950,3,1,90, dublin-22
Semi-Detached,199950,3,1,102.2, dublin-22
Terraced,199950,3,1,81, dublin-8
Duplex,199950,3,2,100, dublin-13
Terraced,199950,3,1,97, dublin-12
End of Terrace House,199950,3,1,89.2, dublin-11
Apartment,199950,2,1,70, dublin-8
Apartment,199000,2,2,73.9, dublin-24
Semi-Detached,199000,3,2,94.73, dublin-15
Terraced,199000,3,2,82, dublin-9
Detached,199000,3,2,93, dublin-15
Bungalow,199000,3,1,71, dublin-15
Terraced,199000,1,1,42, dublin-7
Terraced,199000,3,1,72, dublin-12
Townhouse,199000,3,2,140, dublin-8
Terraced,199000,3,3,33.12, dublin-8
Apartment,197500,1,1,44.56, dublin-1
Apartment,195000,2,2,72.6, dublin-9
Apartment,195000,2,2,67, dublin-8
Terraced,195000,3,3,114, dublin-11
Apartment,195000,2,2,70, dublin-8
Terraced,195000,3,2,100.7, dublin-15
Duplex,195000,3,2,92.9, dublin-22
Apartment,195000,2,2,60, dublin-8
Apartment,195000,1,1,44, dublin-1
Apartment,195000,1,1,44, dublin-8
End of Terrace House,195000,4,3,121.5, dublin-15
Apartment,195000,2,2,101, dublin-5
Apartment,195000,2,1,50, dublin-8
Terraced,195000,3,2,83, dublin-15
Apartment,195000,2,2,73, dublin-15
Apartment,195000,2,1,62, dublin-9
Detached,195000,3,1,72, dublin-24
Apartment,195000,2,1,57, dublin-18
End of Terrace House,195000,3,1,90.88, dublin-24
Terraced,195000,2,1,73, dublin-11
Apartment,195000,2,1,58.7, dublin-7
Apartment,195000,2,1,53.4, dublin-7
Apartment,195000,2,1,52, dublin-8
Apartment,195000,1,1,46.5, dublin-9
Apartment,195000,1,1,46, dublin-2
Apartment,195000,1,1,39, dublin-2
Terraced,195000,3,2,80, dublin-9
Apartment,195000,2,2,63, dublin-1
Apartment,195000,2,1,50.4, dublin-8
Apartment,195000,1,1,41.91, dublin-6
Apartment,195000,2,1,61.4, dublin-1
Apartment,195000,2,1,57.3, dublin-7
End of Terrace House,195000,2,2,89, dublin-7
Terraced,195000,3,1,86, dublin-9
Apartment,195000,1,1,41.8, dublin-14
Semi-Detached,195000,3,2,95, dublin-11
Terraced,195000,2,2,92.9, dublin-15
Terraced,195000,2,1,90, dublin-7
Semi-Detached,195000,3,1,74.4, dublin-5
Apartment,195000,2,1,62.7, dublin-1
Apartment,195000,2,1,60, dublin-20
Apartment,195000,2,1,59, dublin-8
Apartment,195000,1,1,44, dublin-1
Semi-Detached,190500,3,1,90.66, dublin-24
Apartment,190000,2,2,74, dublin-13
Apartment,190000,2,2,73, dublin-9
Apartment,190000,2,1,67, dublin-13
Apartment,190000,2,1,60, dublin-8
Apartment,190000,2,1,79, dublin-15
Apartment,190000,1,1,44, dublin-4
Terraced,190000,3,1,88.3, dublin-12
Apartment,190000,2,1,79, dublin-3
Terraced,190000,2,2,78.3, dublin-11
Apartment,190000,2,1,60.4, dublin-12
Terraced,189950,3,1,84, dublin-22
Terraced,189950,3,1,97, dublin-22
Terraced,189950,3,1,69.42, dublin-12
End of Terrace House,189950,3,1,82, dublin-22
Terraced,189500,2,1,43, dublin-7
Duplex,189000,2,2,80.9, dublin-15
Semi-Detached,189000,3,2,88.3, dublin-22
Apartment,186000,1,1,51, dublin-1
Apartment,185000,2,2,48, dublin-8
Apartment,185000,2,2,69, dublin-8
Apartment,185000,1,1,58, dublin-1
Apartment,185000,2,1,72, dublin-15
Apartment,185000,2,1,58, dublin-7
Semi-Detached,185000,3,3,104.79, dublin-15
Apartment,185000,2,1,55, dublin-20
Duplex,185000,3,3,92, dublin-9
Apartment,185000,1,1,30.658, dublin-14
Semi-Detached,185000,3,2,91, dublin-15
Terraced,185000,2,1,77, dublin-22
Apartment,185000,1,1,38.17, dublin-1
Apartment,185000,1,1,31.5, dublin-2
Semi-Detached,185000,3,1,82, dublin-15
Apartment,185000,1,1,46.5, dublin-9
Apartment,185000,1,1,80, dublin-11
Apartment,185000,2,1,68, dublin-13
End of Terrace House,185000,2,1,65, dublin-12
Apartment,185000,2,1,61, dublin-9
Terraced,185000,2,1,57.9, dublin-12
Apartment,185000,2,1,52.8, dublin-9
Terraced,184950,4,1,116.1, dublin-17
End of Terrace House,184950,3,3,98.5, dublin-11
Terraced,180000,2,3,88.5, dublin-11
Apartment,180000,2,2,76, dublin-11
Terraced,180000,4,3,107, dublin-15
Apartment,180000,2,2,83.6, dublin-15
Apartment,180000,2,2,63, dublin-5
Apartment,180000,1,1,55.7, dublin-20
End of Terrace House,180000,3,3,94, dublin-24
Apartment,180000,2,2,77, dublin-24
Apartment,180000,2,1,56.35, dublin-7
Apartment,180000,2,1,52, dublin-8
Terraced,180000,3,1,83.5, dublin-15
Apartment,180000,1,1,55, dublin-18
Apartment,180000,1,1,34.32, dublin-6
Apartment,180000,3,2,75, dublin-9
Terraced,180000,2,1,70, dublin-7
Semi-Detached,180000,3,2,100, dublin-22
End of Terrace House,180000,3,1,70, dublin-22
Apartment,180000,2,2,58.5, dublin-20
Apartment,180000,1,1,39, dublin-1
Apartment,180000,2,1,58.78, dublin-15
Apartment,180000,1,1,43.3, dublin-16
End of Terrace House,180000,2,1,100, dublin-12
Semi-Detached,180000,2,1,83, dublin-12
Apartment,180000,3,1,65.96, dublin-8
Terraced,179950,3,1,80, dublin-17
End of Terrace House,179950,3,1,83, dublin-22
Terraced,179950,3,1,65.5, dublin-22
Terraced,179000,3,1,84, dublin-15
Apartment,179000,2,2,60, dublin-15
Terraced,179000,2,1,68, dublin-15
End of Terrace House,179000,4,1,81, dublin-15
Apartment,179000,2,1,55, dublin-7
Terraced,179000,2,1,61, dublin-12
Terraced,179000,3,1,65, dublin-7
Terraced,178000,3,1,68, dublin-12
Duplex,175000,3,3,102, dublin-11
Detached,175000,4,2,120, dublin-15
Apartment,175000,2,2,73, dublin-15
Semi-Detached,175000,3,1,82.7, dublin-24
Terraced,175000,3,2,77, dublin-22
Apartment,175000,1,1,50, dublin-1
Apartment,175000,1,1,59, dublin-15
Apartment,175000,2,2,58, dublin-13
Apartment,175000,2,1,46.3, dublin-7
Terraced,175000,2,1,65, dublin-12
Apartment,175000,2,1,46.01, dublin-7
End of Terrace House,175000,3,3,103, dublin-10
End of Terrace House,175000,3,1,83.6, dublin-15
Semi-Detached,175000,3,2,80, dublin-22
Terraced,175000,2,1,69.6, dublin-12
End of Terrace House,174950,3,1,76.6, dublin-10
Semi-Detached,174950,2,1,113.23, dublin-15
Apartment,170000,2,2,79, dublin-9
Apartment,170000,1,1,50, dublin-8
Apartment,170000,2,2,72, dublin-11
Apartment,170000,2,2,74.64, dublin-11
Apartment,170000,2,2,68, dublin-15
Apartment,170000,2,2,67, dublin-11
Semi-Detached,170000,3,1,102.2, dublin-1
Apartment,170000,2,2,72, dublin-13
End of Terrace House,170000,3,2,86, dublin-15
Apartment,170000,1,1,40.83, dublin-2
Apartment,170000,1,1,38, dublin-1
Apartment,170000,1,1,41, dublin-7
Apartment,170000,1,1,40, dublin-9
Terraced,170000,2,1,66, dublin-8
Terraced,170000,3,1,85, dublin-15
Terraced,170000,2,1,51, dublin-7
Apartment,170000,1,1,42.8, dublin-7
End of Terrace House,170000,3,1,100, dublin-11
Terraced,170000,3,2,83.6, dublin-22
Terraced,170000,2,1,72.8, dublin-12
Apartment,170000,2,1,60, dublin-22
Apartment,169950,2,1,74.3, dublin-11
Apartment,169950,3,1,97.5, dublin-11
Terraced,169950,3,1,71, dublin-10
Apartment,169950,1,1,44.35, dublin-8
Apartment,169000,2,2,57.5999, dublin-13
Semi-Detached,169000,3,2,82, dublin-24
Terraced,169000,3,1,72, dublin-22
Terraced,169000,2,1,60, dublin-7
Semi-Detached,169000,4,2,102.193, dublin-24
End of Terrace House,169000,3,1,100, dublin-24
Duplex,168000,3,2,112, dublin-15
Apartment,165000,2,2,72, dublin-11
Apartment,165000,1,1,52, dublin-9
Apartment,165000,1,1,41, dublin-18
Terraced,165000,3,1,94, dublin-10
Terraced,165000,3,1,80, dublin-22
Semi-Detached,165000,2,1,70.6, dublin-22
End of Terrace House,165000,3,2,70, dublin-10
Apartment,165000,2,1,51.1, dublin-7
Bungalow,165000,2,1,54.5, dublin-15
Apartment,165000,1,1,44, dublin-6w
Apartment,165000,1,1,37, dublin-1
Apartment,165000,1,1,33.26, dublin-4
Semi-Detached,165000,3,1,86, dublin-24
Apartment,165000,2,1,70, dublin-15
Terraced,165000,3,1,69.7, dublin-24
End of Terrace House,165000,2,2,68.82, dublin-15
Townhouse,165000,2,1,46.5, dublin-3
Apartment,165000,1,1,45, dublin-1
Apartment,165000,1,1,43.8, dublin-1
Apartment,164999,2,1,60, dublin-7
Apartment,160000,1,1,50, dublin-15
Apartment,160000,2,2,63.53, dublin-13
Apartment,160000,1,1,40, dublin-8
Apartment,160000,1,1,38, dublin-9
Terraced,160000,3,1,82.2, dublin-11
Semi-Detached,160000,3,1,81, dublin-22
Apartment,160000,2,1,75.6, dublin-12
Apartment,160000,1,1,38.5, dublin-1
Apartment,159950,2,1,49, dublin-22
Apartment,159950,1,1,37.2, dublin-1
Apartment,159000,2,1,67.3, dublin-9
Apartment,159000,1,1,47.7, dublin-8
Apartment,159000,2,2,65, dublin-22
Apartment,158500,1,1,46, dublin-9
Apartment,155000,1,1,46, dublin-3
Apartment,155000,2,1,61, dublin-1
Apartment,155000,2,2,52, dublin-20
Apartment,155000,1,1,37, dublin-1
Apartment,155000,1,1,48, dublin-7
Apartment,155000,1,1,37.2, dublin-7
Terraced,155000,3,1,89, dublin-10
Apartment,155000,2,1,75, dublin-12
Apartment,152500,1,1,35.6, dublin-8
Semi-Detached,150000,3,1,55.7, dublin-15
Apartment,150000,1,1,48, dublin-7
Apartment,150000,1,1,35, dublin-1
Apartment,150000,2,2,65, dublin-11
Apartment,150000,2,2,65, dublin-11
Apartment,150000,1,1,40, dublin-7
Semi-Detached,150000,3,1,75, dublin-22
Apartment,150000,1,1,49.5, dublin-1
Apartment,150000,1,1,38, dublin-8
Apartment,150000,1,1,47, dublin-1
Apartment,150000,1,1,37.73, dublin-1
Terraced,150000,3,1,80.66, dublin-11
Terraced,150000,2,1,65, dublin-3
Bungalow,150000,1,1,41, dublin-1
Terraced,150000,2,1,223.56, dublin-8
Apartment,150000,2,1,58, dublin-12
Apartment,150000,2,1,56.25, dublin-1
Apartment,149950,1,1,33, dublin-8
End of Terrace House,149950,3,1,80, dublin-10
Terraced,149950,3,1,80, dublin-10
Terraced,149950,2,1,62, dublin-10
Apartment,149000,2,1,56, dublin-17
Apartment,149000,1,1,50, dublin-7
Semi-Detached,149000,3,2,83.6, dublin-24
Terraced,149000,3,1,75, dublin-24
Terraced,149000,2,2,74.3, dublin-10
Apartment,147500,1,1,30, dublin-8
End of Terrace House,145000,4,3,120, dublin-11
Apartment,145000,1,1,37, dublin-1
Apartment,145000,2,1,64, dublin-15
Apartment,145000,1,1,51.6, dublin-8
Apartment,140000,1,1,58.1, dublin-13
Apartment,140000,1,1,45, dublin-7
Apartment,140000,1,1,61.8, dublin-13
Apartment,140000,1,1,51.1, dublin-7
Apartment,140000,1,1,38, dublin-8
Terraced,140000,2,2,85, dublin-10
Apartment,140000,1,1,41, dublin-7
Apartment,140000,2,2,60, dublin-24
Apartment,140000,2,1,57.6, dublin-24
Apartment,140000,1,1,45, dublin-15
Apartment,140000,1,1,43, dublin-1
Apartment,139950,1,1,50, dublin-15
Apartment,139950,1,1,42.31, dublin-7
End of Terrace House,139000,2,1,69.7, dublin-22
Apartment,137000,1,1,41, dublin-5
Apartment,135000,1,1,48, dublin-15
Apartment,135000,1,1,40.4, dublin-9
Terraced,135000,3,2,82.88, dublin-24
Apartment,135000,2,2,68, dublin-12
Apartment,135000,2,1,51, dublin-8
Apartment,135000,1,1,37.2, dublin-8
Terraced,134500,2,1,65, dublin-11
End of Terrace House,130000,3,1,80.14, dublin-24
Apartment,130000,1,1,45, dublin-8
Apartment,130000,1,1,41, dublin-8
Apartment,130000,1,1,35, dublin-1
Apartment,130000,1,1,30.01, dublin-8
End of Terrace House,129950,3,1,77, dublin-24
Apartment,129000,2,1,51, dublin-8
Apartment,125000,1,1,58, dublin-11
Apartment,125000,2,1,60, dublin-15
Apartment,125000,1,1,52, dublin-1
Apartment,125000,1,1,38, dublin-8
Apartment,124950,1,1,36, dublin-8
Apartment,124950,1,1,36, dublin-8
Apartment,120000,1,1,38.6, dublin-12
Terraced,120000,3,1,77, dublin-11
Terraced,120000,2,1,82, dublin-11
Semi-Detached,120000,3,1,100, dublin-24
Terraced,119000,3,1,90, dublin-11
Terraced,115000,3,2,95, dublin-24
Apartment,115000,1,1,43, dublin-12
Apartment,115000,1,1,37.2, dublin-8
Duplex,115000,2,1,65.6, dublin-11
Apartment,115000,1,1,46.5, dublin-22
Apartment,115000,1,1,46, dublin-8
Apartment,115000,1,1,46, dublin-8
End of Terrace House,110000,1,1,40.19, dublin-3
Apartment,110000,1,1,53, dublin-1
Apartment,110000,1,1,50, dublin-15
Apartment,110000,1,1,50, dublin-15
Apartment,105000,2,1,60, dublin-11
Apartment,99000,2,1,60, dublin-11
Apartment,95000,2,1,65, dublin-22
End of Terrace House,95000,3,1,78, dublin-11
Apartment,70000,1,1,51, dublin-8
